😀	0	grinning face	sırıtan yüz	gülen yüz|gülme|keyifli|lol|mutlu|neşeli|sırıtma|yüz	
😃	0	grinning face with big eyes	ağzı açık sırıtma	ağzı açık gülen yüz|ağzı açık gülümseme|gülen yüz|gülme|gülümseme|lol|neşeli|yüz	
😄	0	grinning face with smiling eyes	gülen gözlerle ağzı açık sırıtma	ağzı açık gülen gözler|gülen gözlerle ağzı açık gülümseme|gülen yüz|gülme|gülümseme|lol|neşeli|yüz	
😁	0	beaming face with smiling eyes	gülen gözlerle sırıtma	gülen gözlerle sırıtan yüz|gülen yüz|gülme|gülümseme|gülümseyen gözler|lol|neşeli|yüz	
😆	0	grinning squinting face	kapalı gözlerle ağzı açık sırıtma	32 diş|ağız|ahaha|çok komik|gözler kapalı|gülmek|hahaha|kahkaha|komik|lol|mutlu|yüz	
😅	0	grinning face with sweat	soğuk terli ağzı açık gülümseme	heyecanlı|soğuk ter|stresli|yüz	
🤣	0	rolling on the floor laughing	gülmekten yerlere yatma	ahaha|çok komik|gözümden yaş geldi|gözyaşı|gülme|hahaha|kahkaha|komik|mutluluk|neşe|yerlere yatmak|yüz	
😂	0	face with tears of joy	sevinç gözyaşları	ağlamak|gözyaşı|gülmek|gülmekten ağlamak|haha|inanılmaz|kahkaha|katılmak|komik|mutluluk|neşe|sevinç	
🙂	0	slightly smiling face	hafifçe gülümseyen yüz	gülme|gülümseme|hafifçe gülümseme|mutlu|neşeli|yüz	
🙃	0	upside-down face	ters yüz	gülme|gülümseme|hehe|yüz	
🫠	0	melting face	eriyen yüz	aşkından erimek|çözülme|eridim|erime|eriyorum|ifade|kaybolma|sıcak|sıvılaşma|utanç|yüz ifadesi	
🫫	0	cracking face			
😉	0	winking face	göz kırpan yüz	cilve|göz kırpma|yüz	
😊	0	smiling face with smiling eyes	ağzı açık gülme	gülen gözlerle gülümseme|gülümseyen gözler|gülümseyen yüz|gülümseyen yüz ve gözler|samimi|sevecen|yüz	
😇	0	smiling face with halo	ışık halkalı gülümseme	gülümseme|hare|ışık halkası|melek|yüz	
🥰	0	smiling face with hearts	3 kalpli gülümseyen yüz	aşık|aşk|çarpılma|gülen yüz|hayranlık|ilk görüşte aşk|kalp|mutluluk|romantik|seni seviyorum|sevgi|üç kalpli yüz	
😍	0	smiling face with heart-eyes	kalp gözlü gülümseme	aşk|değer verme|gözler|kalp|kalpler|romantik|yüz	
🤩	0	star-struck	yıldız çarpmış	gözler|heyecanlı|sırıtan|surat|vov|yıldız|yüz	
😘	0	face blowing a kiss	öpücük gönderen yüz	aşk|muah|muck|öptüm|romantik|sevgi|yüz	
😗	0	kissing face	öpen yüz	aşk|cilve|muah|muck|öpücük|sevgi|yüz	
☺️	0	smiling face	gülen yüz	içi boş gülen yüz|masum|mutlu|utandım|utanmış|yüz	
😚	0	kissing face with closed eyes	kapalı gözlerle öpen yüz	aşk|gözler kapalı|gözler kapalı öpüşme|öpücük yollama|yüz	
😙	0	kissing face with smiling eyes	gülen gözlerle öpen yüz	gülümseme|gülümseyen gözler|gülümseyerek öpen yüz|öptüm|öpücük|yüz	
🥲	0	smiling face with tear	gözü yaşlı gülümseyen yüz	acı|duygulanmış|gözyaşı|gülümseme|gururlu|hislenmiş|memnun|minnettar|mutluluk|rahatlamış|sevinç|yüz ifadesi	
😋	0	face savoring food	lezzetli yiyecek beğenen yüz	gülümseyen yüz|harika yemek|keyifli yemek|lezzetli|oh oh harika|yüz	
😛	0	face with tongue	dil dışarıda	dil çıkarmış yüz|dil dışarıda kalmış|komik|şapşal|yüz	
😜	0	winking face with tongue	dili dışarda göz kırpma	dil dışardayken göz kırpma|göz kırpma|haylaz|kışkırtma|şaka|yaramaz|yüz	
🤪	0	zany face	çılgın surat	büyük|çılgın|deli|göz|gözler|küçük|surat	
😝	0	squinting face with tongue	dil dışarıda ve gözler kapalı	dil dışarıda|gözler kapalı|gözler kapalı ve dil dışarıda|iğrenç|korkunç|öğk|yüz	
🤑	0	money-mouth face	para ağızlı yüz	ağız|gözünü para bürümüş|para|para göz|yüz	
🤗	0	smiling face with open hands	kucaklayarak gülümseme	heyecanlı|kucaklama|sarılma|yüz	
🤭	0	face with hand over mouth	eliyle ağzını kapatan yüz	a ah|sır|şok olmak|süpriz|surat|tüh	
🫢	0	face with open eyes and hand over mouth	gözleri açık ve eliyle ağzını kapatan yüz	hayret|ifade|inanamama|inanılmaz|korku|şaşkınlık|şok|sürpriz|utanma|yüz ifadesi	
🫣	0	face with peeking eye	gizlice bakan yüz	çaktırmadan|dikizleme|gizlice|gizlice bakma|gözetleme|ifade|korkma|saklanma|ürkek|utanma|yüz ifadesi	
🤫	0	shushing face	sus işareti yapan yüz	sessiz|şişt|şş|surat	
🤔	0	thinking face	düşünen yüz	düşünme|yüz	
🫡	0	saluting face	selamlayan yüz	anlaştık|asker|başüstüne|emredersiniz|güneşli|ifade|komutan|onay|saygı|selam|yüz ifadesi	
🤐	0	zipper-mouth face	ağzı fermuarlı yüz	ağız|ağzı fermuarlı|ağzım kapalı|fermuar|sır|yüz	
🤨	0	face with raised eyebrow	tek kaşı çatık yüz	güvenmeyen|şüpheci|surat|tek kaşı havada	
😐	0	neutral face	duygusuz yüz	duygusuz|etkilenmemiş|nötr|umurumda değil|yorum yok|yüz	
😑	0	expressionless face	ifadesiz yüz	ifadesizlik|kıskanç|umurumda değil|yorum yok|yüz	
😶	0	face without mouth	ağzı olmayan yüz	ağız|ifadesiz|sakin|sesi kesilmiş|sessiz|sır|suskun|yüz	
🫥	0	dotted line face	noktalı çizgili yüz	bilinmez|depresif|endişe|gizlenme|gizli|görünmez|içe dönük|kaybolma|kaygılı|yüz ifadesi	
😶‍🌫️	0	face in clouds	bulutlardaki yüz	bulutlardaki kafa|dalgın|sisler arasındaki yüz	
😏	0	smirking face	imalı gülümseme	hin|kuşkucu|sinsi|yapmacık gülümseme|yapmacık gülümseyen|yapmacık gülümseyen yüz|yüz	
😒	0	unamused face	keyifsiz yüz	canı sıkkın|canım sıkıldı|garip|keyifsiz|mutsuz|neyse|sıkılmış|yüz	
🙄	0	face with rolling eyes	gözlerini deviren yüz	bana ne|banane|beni ilgilendirmez|bilemiyorum|göz devirme|her neyse|hmm|neyse|yani|yüz	
😬	0	grimacing face	dişlerini gösteren yüz	dişçi|dişlerini sıkmak|endişeli|tedirgin|yüz|yüzünü ekşitme	
😮‍💨	0	face exhaling	nefes veren yüz	bitik|duman|fısıldama|iç çekme|ıslık|nefes verme|off|rahatlama|sızlanma|üfleme|yorgun	
🤥	0	lying face	yalan söyleyen yüz	pinokyo|yalan söyleme|yüz	
🫨	0	shaking face	sallanan yüz	deprem|olamaz|panik|sallama|sallanma|sersemlik|şok|sürpriz|titreme|titreşim|titreyen yüz|yüz	
🙂‍↔️	0	head shaking horizontally	yatay olarak sallanan yüz	hayır|sallama	
🙂‍↕️	0	head shaking vertically	dikey olarak sallanan yüz	evet|onay	
😌	0	relieved face	rahatlamış yüz	huzur|rahatlamış|yüz	
😔	0	pensive face	düşünceli yüz	dargın|düşünceli|gemileri batmış|karamsar|üzgün|yüz	
😪	0	sleepy face	uykulu yüz	ağlayan yüz|yorgun|yüz	
🤤	0	drooling face	salya akıtan yüz	ağzı sulanmış|salya akıtma|yüz	
😴	0	sleeping face	uyuyan yüz	esnemek|iyi geceler|iyi uykular|şekerleme|tatlı rüyalar|uyku|uykulu|uyumak|yatak|yatmak|yorgun|zzz	
🫩	0	face with bags under eyes	gözlerinin altı torbalı yüz	tükenmiş|uykulu|yorgun	
😷	0	face with medical mask	maskeli yüz	grip|hasta|maske|nezle|rahatsız|soğuk|tıbbi maske|yüz	
🤒	0	face with thermometer	ağzında termometre olan yüz	ateş|grip|hasta|nezle|termometre|yüz	
🤕	0	face with head-bandage	kafası sarılı yüz	bandaj|yara|yaralı|yüz	
🤢	0	nauseated face	kusmak üzere olan yüz	iğrenç|istifra|kusmak üzere|midesi bulanmış|yüz	
🤮	0	face vomiting	kusan yüz	hasta|istifra|kusmak|kusmuk|surat	
🤧	0	sneezing face	hapşıran yüz	çok yaşa|grip|hapşırma|hasta|nezle|yüz	
🥵	0	hot face	kızarmış yüz	ateşlenmek|çarpıntı|hararet|nefes nefese|sıcak|sıcak çarpması|terleme|tükenmek|yorgun	
🥶	0	cold face	üşümüş yüz	buz|buz gibi|buz kesme|donma|kış|mavi surat|morarmış yüz|sıfırın altı|soğuk|soğuktan donmak|titremek|üşümek	
🥴	0	woozy face	sarhoş yüz	akşamdan kalma|alkollü|baş dönmesi|çakırkeyif|kaymış gözler|sarhoş|şaşı|sersemlemiş|yamuk|yamuk ağız|yamulmak|yüz ifadesi	
😵	0	face with crossed-out eyes	sersemlemiş yüz	başı dönen|baygınlık|hasta|sersemlemiş|yüz	
😵‍💫	0	face with spiral eyes	sarmal gözlü yüz	aklı karışık|aman tanrım|başım döndü|gülen yüz|hipnotize|inanamıyorum|kafası bulanık|kafası karışık|mide bulantısı|sersem|sıkıntı|yüz ifadesi	
🤯	0	exploding head	patlayan kafa	aklını başından almak|şaşırmış|şok olmuş|şoke|surat	
🤠	0	cowboy hat face	kovboy şapkalı yüz	kadın kovboy|kovboy|kovboy şapkası yüzü|şapka|yüz	
🥳	0	partying face	partide eğlenen yüz	doğum günü|eğlence|iyi ki doğdun|konfeti|kutlama|mutlu yıllar|neşeli|oley|parti|şapka|yılbaşı	
🥸	0	disguised face	gizlenmiş yüz	ajan|bıyık|burun|casus|gözlük|kimliğini gizlemek|kılık değiştirmek|maskeli|yüz|yüz ifadesi	
😎	0	smiling face with sunglasses	güneş gözlüklü gülümseme	cool|gülümseme|güneş gözlüğü|güneş gözlükleri|güneş gözlükleriyle gülümseme|havalı|janti|kanka|kanki|yüz	
🤓	0	nerd face	ukala yüz	akıllı|bilgili|bilmiş|çalışkan|gözlük|gözlüklü|inek öğrenci|ukala|yüz|zeki	
🧐	0	face with monocle	tek cam gözlüklü yüz	havalı|kendini beğenmiş|klas|surat|tek cam gözlük|varlıklı|zengin	
😕	0	confused face	kafası karışık yüz	bilmiyorum|emin olmayan|kafası karışmış|yüz	
🫤	0	face with diagonal mouth	yamuk ağızlı yüz	eh|hayal kırıklığı|hüsran|ifade|kararsız|kırgın|meh|memnuniyetsiz|şüpheli|şüpheli yüz|yüz ifadesi	
😟	0	worried face	endişeli yüz	endişeli|gergin|yüz	
🙁	0	slightly frowning face	biraz asık surat	asık surat|endişeli|yüz	
☹️	0	frowning face	asık surat	asık|darılmış|üzgün|yüz	
😮	0	face with open mouth	ağzı açık yüz	ağız|ağzı açık|şaşkın|şok|süpriz|yüz	
😯	0	hushed face	şaşkın yüz	şaşırmış|şok olmuş|yüz	
😲	0	astonished face	afallamış yüz	afallamış|şaşkın|şoke olmuş|tamamen şoke olmuş|yüz	
😳	0	flushed face	kızarmış ve şaşkın yüz	kızarmış|şaşırmış|şaşkınlık içinde|şok|tuhaf|yüz	
🫪	0	distorted face	biçimsiz yüz	kaygı|panik|şaşırmış|şaşkın|savunmasız|şişkin	
🥺	0	pleading face	yalvaran yüz	acıklı bakışlar|af dilemek|gözleri dolmak|koca göz|lütfen|merhamet|pişmanlık|üzgün|yalvaran gözler|yalvarırım|yüz ifadesi	
🥹	0	face holding back tears	gözleri dolmuş yüz	ağlamaklı|direnme|duygusal|gözyaşı|gurur|ifade|kızgın|mutlu|sevinç gözyaşları|sulugöz|üzgün|yüz ifadesi	
😦	0	frowning face with open mouth	hoşnutsuz yüz	açık ağızlı hoşnutsuz yüz|ağzı açık|boş bulunmuş|hoşnutsuz|korkmuş|yüz	
😧	0	anguished face	kederli yüz	acı çeken|kederli|mutsuz|şaşkın|yüz	
😨	0	fearful face	korkulu yüz	endişeli|korkmuş|korkulu|yüz	
😰	0	anxious face with sweat	terli ve endişeli yüz	açık ağız|endişeli|korkmuş|korkulu yüz|soğuk ter|soğuk ter döken mavi yüz|yüz	
😥	0	sad but relieved face	üzgün ama rahatlamış yüz	canı sıkkın|canı sıkkın ama rahatlamış|endişeli|kafası karışmış|karışık|rahatlamış|üzgün|yırttık!|yüz	
😢	0	crying face	ağlayan yüz	ağlama|gözyaşları|mutsuz|üzgün|üzüntülü|yüz	
😭	0	loudly crying face	avaz avaz ağlayan yüz	ağlama|avaz avaz ağlama|gözyaşları|mutsuz|üzgün|yüz	
😱	0	face screaming in fear	korkuyla çığlık atan yüz	korkmuş|korku|korku içinde bağıran yüz|korkunç|korkuyla haykıran yüz|yüz	
😖	0	confounded face	kafası çok karışık yüz	kafası çok karışmış|kızgın|pişman|yüz	
😣	0	persevering face	kararlı yüz	baş ağrısı|dayanıklı|dikkatli|inatçı|kararlı|konsantre olmuş|yüz|zorlanan yüz	
😞	0	disappointed face	memnuniyetsiz yüz	kırgın|kırgınlık|mutsuz|umutsuz|yüz	
😓	0	downcast face with sweat	soğuk ter	baş ağrısı|endişeli|soğuk terli yüz|yüz	
😩	0	weary face	çok yorgun	acıkmış|hayır|olamaz|pişman|uykulu|yorgun yüz|yorulmuş|yüz	
😫	0	tired face	yorgun yüz	hapşuran yüz|perişan|pişman|üzgün|yorgun|yüz	
🥱	0	yawning face	esneyen yüz	esneme|iyi geceler|iyi uykular|sıkıcı|sıkılmış|uykulu|uykusuz|uyuklama|uyumak|yatmak|yorgun|zzz	
😤	0	face with steam from nose	burnundan soluyan yüz	ben kazandım|ben kazandım yüzü|burnundan soluyan|kızgın|mutsuz|sinirli|yüz|zafer	
😡	0	enraged face	somurtkan yüz	deli gibi|kırmızı somurtkan yüz|kırmızı yüz|öfkeli|somurtkan|yüz	
😠	0	angry face	öfkeli yüz	deli gibi|kızgın|mutsuz|öfkeli|yüz	
🤬	0	face with symbols on mouth	ağzında semboller olan yüz	kızgın|kızmış|küfür eden|küfür etmek|sembol surat|sensör|surat	
😈	0	smiling face with horns	boynuzlu gülen yüz	boynuzlar|boynuzlu gülümseme|gülümseme|şeytani gülümseme|yüz	
👿	0	angry face with horns	boynuzlu kızgın yüz	kızgın|küçük şeytan|şeytan|şeytani|yüz	
💀	0	skull	kafatası	cadılar bayramı|canavar|iskelet|masal|ölüm|yüz	
☠️	0	skull and crossbones	kuru kafa	canavar|iskelet|kemik|ölüm|tehlike|yüz	
💩	0	pile of poo	kaka	kaka yığını|leş|pislik|yığın	
🤡	0	clown face	palyaço yüzü	palyaço|yüz	
👹	0	ogre	dev	canavar|japon|japon canavarı|korkunç|maske|oni|peri masalı|yaratık|yüz	
👺	0	goblin	goblin	canavar|cin|japon|japon cini|maske|peri masalı|tengu|yaratık|yüz	
👻	0	ghost	hayalet	cadılar bayramı|öcü|peri masalı|yüz	
👽	0	alien	uzaylı	dünya dışı|fantastik|peri masalı|UFO|yabancı|yaratık|yüz	
👾	0	alien monster	uzaylı canavar	canavar|dünya dışı|peri masalı|UFO|uzaylı|yabancı canavar|yaratık|yüz	
🤖	0	robot	robot	canavar|yüz	
😺	0	grinning cat	sırıtan kedi	açık|ağız|gülümseme|gülümseyen kedi yüzü|gülümseyen ve ağzı açık kedi yüzü|kedi|kedi yüzü|sırıtan|yüz	
😸	0	grinning cat with smiling eyes	gülen gözlerle sırıtan kedi	göz|gülümseme|kedi|kedi yüzü|sırıtan kedi yüzü|sırıtan ve gözleri gülümseyen kedi yüzü|sırıtma|yüz	
😹	0	cat with tears of joy	sevinç gözyaşları döken kedi	göz yaşı|gülen kedi|kahkaha atan kedi|kedi|kedi yüzü|komik kedi|sevinç|sevinç gözyaşları döken kedi yüzü|yüz	
😻	0	smiling cat with heart-eyes	kalp gözlü gülümseyen kedi	aşık|aşk|gözler|gülümseme|gülümseyen ve kalp şeklinde gözleri olan kedi yüzü|kalp|kalp gözlü gülümseyen kedi yüzü|kedi|kedi yüzü|sevgi|yüz	
😼	0	cat with wry smile	iğneleyici kedi yüzü	iğneleyici|iğneleyici gülümseme|ironik|kedi|kedi yüzü|kurnaz|muzır|yüz	
😽	0	kissing cat	öpen kedi	göz|gözler|kapalı|kedi|öpen|öptüm|öpücük|yüz	
🙀	0	weary cat	korkuyla bağıran kedi	aman tanrım|kedi|sahiden şaşırmış|şaşkın kedi yüzü|yüz	
😿	0	crying cat	ağlayan kedi	ağlama|ağlayan kedi yüzü|göz yaşı|kedi|kedi yüzü|üzgün|yüz	
😾	0	pouting cat	somurtan kedi	kedi|kedi yüzü|somurtan|somurtan kedi yüzü|somurtma|yüz	
🙈	0	see-no-evil monkey	görmedim	görmeyen maymun|hayvan|komik|maymun|oyun|saklambaç	
🙉	0	hear-no-evil monkey	duymadım	duymayan maymun|hayvan|kulak|maymun|üç maymun	
🙊	0	speak-no-evil monkey	bilmiyorum	ağzı kapalı maymun|hayvan|konuşma|konuşmadım|maymun|söylemedim|söylemeyen maymun|sus|üç maymun	
💌	0	love letter	aşk mektubu	kalp|kalpli mektup|mektup|romantizm	
💘	0	heart with arrow	ok saplanmış kalp	aşk|duygu|kalp|ok	
💝	0	heart with ribbon	kurdeleli kalp	duygu|kalp|kurdele|sevgililer günü	
💖	0	sparkling heart	pırıldayan kalp	duygu|heyecanlı|kalp|pembe kalp|pırıldayan	
💗	0	growing heart	büyüyen kalp	aşk|coşkulu|duygu|kalp|sinirli	
💓	0	beating heart	çarpan kalp	aşk|duygu|heyecan|kalp|kalp atışı	
💞	0	revolving hearts	dönen kalpler	aşk|dönen|kalp|kawaii|sevimli	
💕	0	two hearts	iki kalp	aşıklar|aşk|duygu|evlilik yıldönümü|seni seviyorum|sevgili	
💟	0	heart decoration	kalpli dekorasyon	kalp	
❣️	0	heart exclamation	kalp şeklinde ünlem işareti	işaret|kalp|noktalama|ünlem işareti	
💔	0	broken heart	kırık kalp	duygu|hüsran|kalp|kırılmış|kırma	
❤️‍🔥	0	heart on fire	ateşli kalp	alev|arzu|aşk|kalp|kutsal kalp|tutku	
❤️‍🩹	0	mending heart	iyileşen kalp	daha sağlıklı|iyi|iyileşen|onarılan	
❤️	0	red heart	kırmızı kalp	aşk|kalp	
🩷	0	pink heart	pembe kalp	aşk|beğen|duygu|kalp|özel kişi|pembe|seni seviyorum|sevgi|sevimli|şirin	
🧡	0	orange heart	turuncu kalp	kalp|portakal|turuncu	
💛	0	yellow heart	sarı kalp	duygu|kalp|sarı	
💚	0	green heart	yeşil kalp	duygu|kalp|yeşil	
💙	0	blue heart	mavi kalp	duygu|kalp|mavi	
🩵	0	light blue heart	açık mavi kalp	açık mavi|aşk|camgöbeği|deniz mavisi|duygu|gökyüzü mavisi|kalp|özel kişi|sevgi	
💜	0	purple heart	mor kalp	duygu|kalp|mor	
🤎	0	brown heart	kahverengi kalp	kahverengi|kalp	
🖤	0	black heart	siyah kalp	fena|kalp|kötü|siyah	
🩶	0	grey heart	gri kalp	aşk|duygu|gri|gümüş|kalp|kurşun|özel kişi|sevgi|taş	
🤍	0	white heart	beyaz kalp	beyaz|kalp	
💋	0	kiss mark	öpücük izi	aşk|dudak|dudaklar|öpücük|romantizm|seksi	
💯	0	hundred points	yüz puan	100|100 puan|skor|yuz	
💢	0	anger symbol	öfke simgesi	çizgi roman|duygu|öfke|öfke işareti|öfkeli	
🫯	0	fight cloud	dövüş bulutu	anlaşmazlık|arbede|çekişme|dövüş|güreş|kavga|tartışma	
💥	0	collision	çarpışma	bomba|bum|çarpışma işareti|çizgi roman|duygu|patlama	
💫	0	dizzy	baş dönmesi	çizgi roman|dilek|duygu|gece|gökyüzü|kayan yıldız|uzay|yıldızlar|yıldızları görme	
💦	0	sweat droplets	ter damlası	çizgi roman|damla|duygu|fışkır|su|ter|terli	
💨	0	dashing away	hızla fırlama	çizgi roman|duygu|fırla|gaz çıkarma|hızlı|kaçma|koş|koşma|rüzgar	
🕳️	0	hole	delik	çukur	
💬	0	speech balloon	konuşma balonu	balon|çizgi roman|iletişim|iletişim balonu	
👁️‍🗨️	0	eye in speech bubble	konuşma balonunda göz	göz|göz boncuğu|konuşma balonu|nazar|tanıklık	
🗨️	0	left speech bubble	sol konuşma balonu	diyalog|konuşma	
🗯️	0	right anger bubble	sağ öfke balonu	balon|kızgın|öfke	
💭	0	thought balloon	düşünce balonu	balon|bulut|çizgi roman|düşünce|fikir	
💤	0	ZZZ	zzz	çizgi roman|gece|iyi geceler|iyi uykular|uyku|uyuklama|uyuma|yorgun|Zzz	
👋	1	waving hand	el sallama	bay bay|bye|el|görüşürüz|güle güle|hey|merhaba|orada mısın|sallama|sallamak|selam	👋🏻 👋🏼 👋🏽 👋🏾 👋🏿
🤚	1	raised back of hand	elinin tersini kaldırma	el|elinin tersi|kaldırma	🤚🏻 🤚🏼 🤚🏽 🤚🏾 🤚🏿
🖐️	1	hand with fingers splayed	parmaklar açık el kaldırma	avuç|beden|dur|el|izin isteme|parmak	🖐🏻 🖐🏼 🖐🏽 🖐🏾 🖐🏿
✋	1	raised hand	el kaldırma	beş parmak|dur|dur işareti|el|havada el	✋🏻 ✋🏼 ✋🏽 ✋🏾 ✋🏿
🖖	1	vulcan salute	Vulkan selamı	beden|el|parmak|spock|star trek|uzay yolu|volkan|volkanlı selamı|vulcan selamı|vulkan	🖖🏻 🖖🏼 🖖🏽 🖖🏾 🖖🏿
🫱	1	rightwards hand	sağa bakan el	anlaşma|dokun|el|el uzatma|merhaba|sağ|selam|temas|tokalaşmak	🫱🏻 🫱🏼 🫱🏽 🫱🏾 🫱🏿
🫲	1	leftwards hand	sola bakan el	anlaşma|dokun|el|el uzatma|merhaba|selam|sol|temas|tokalaşma	🫲🏻 🫲🏼 🫲🏽 🫲🏾 🫲🏿
🫳	1	palm down hand	avuç içi aşağı bakan el	al|atmak|avuç|bırak|düşürmek|el|kışkışlamak|uzanmak|uzat	🫳🏻 🫳🏼 🫳🏽 🫳🏾 🫳🏿
🫴	1	palm up hand	avuç içi yukarı bakan el	çağırmak|çağrı|davet|el|el etmek|el uzatmak|gel|sunmak|teklif|yakalamak|yardım	🫴🏻 🫴🏼 🫴🏽 🫴🏾 🫴🏿
🫷	1	leftwards pushing hand	sola iten el	bekle|bekletme|çak|çakma|dur|durdurma|itme|reddetme|sola	🫷🏻 🫷🏼 🫷🏽 🫷🏾 🫷🏿
🫸	1	rightwards pushing hand	sağa iten el	bekle|bekletme|çak|çakma|dur|durdurma|itme|reddetme|sağa	🫸🏻 🫸🏼 🫸🏽 🫸🏾 🫸🏿
👌	1	OK hand	tamam işareti	anlaştık|el|harika|işaret|işte bu|mükemmel|müthiş|ok|süper|tam olarak|Tamam|tamamdır	👌🏻 👌🏼 👌🏽 👌🏾 👌🏿
🤌	1	pinched fingers	kıstırma hareketi yapan parmaklar	bravo|çok güzel|el|el hareketleri|harika|lezzetli|parmaklar	🤌🏻 🤌🏼 🤌🏽 🤌🏾 🤌🏿
🤏	1	pinching hand	kıstırma hareketi yapan el	azıcık|bir tutam|biraz|kıstırma hareketi yapan parmaklar|küçük|parmaklar	🤏🏻 🤏🏼 🤏🏽 🤏🏾 🤏🏿
✌️	1	victory hand	zafer işareti	barış|el|oleey|zafer|zafer eli	✌🏻 ✌🏼 ✌🏽 ✌🏾 ✌🏿
🤞	1	crossed fingers	şans dileme	çapraz|el|parmak|şans|söz verme	🤞🏻 🤞🏼 🤞🏽 🤞🏾 🤞🏿
🫰	1	hand with index finger and thumb crossed	işaret parmağı ve baş parmak birbirine geçmiş el	<3|aşk|borç|el|hesap|kalp|nakit|pahalı|para|parmak|sevgi	🫰🏻 🫰🏼 🫰🏽 🫰🏾 🫰🏿
🤟	1	love-you gesture	seni seviyorum işareti	el|seni seviyorum|SS	🤟🏻 🤟🏼 🤟🏽 🤟🏾 🤟🏿
🤘	1	sign of the horns	boynuz işareti	beden|boynuz|el|metal|metalci|parmak|rock|süper|yeah|yes	🤘🏻 🤘🏼 🤘🏽 🤘🏾 🤘🏿
🤙	1	call me hand	beni ara işareti	ara|el|elle beni ara işareti	🤙🏻 🤙🏼 🤙🏽 🤙🏾 🤙🏿
👈	1	backhand index pointing left	elinin tersiyle solu gösteren işaret parmağı	el|elin arkası|işaret parmağı|parmak|solu gösteren parmak	👈🏻 👈🏼 👈🏽 👈🏾 👈🏿
👉	1	backhand index pointing right	elinin tersiyle sağı gösteren işaret parmağı	el|elin arkası|işaret parmağı|parmak|sağı gösteren parmak	👉🏻 👉🏼 👉🏽 👉🏾 👉🏿
👆	1	backhand index pointing up	elinin tersiyle yukarıyı gösteren işaret parmağı	el|elin arkası|işaret parmağı|parmak|yukarıyı gösteren parmak	👆🏻 👆🏼 👆🏽 👆🏾 👆🏿
🖕	1	middle finger	orta parmak	beden|el|parmak	🖕🏻 🖕🏼 🖕🏽 🖕🏾 🖕🏿
👇	1	backhand index pointing down	elinin tersiyle aşağıyı gösteren işaret parmağı	aşağıyı gösteren parmak|el|elin arkası|işaret parmağı|parmak	👇🏻 👇🏼 👇🏽 👇🏾 👇🏿
☝️	1	index pointing up	yukarıyı gösteren işaret parmağı	beden|el|gösterme|işaret parmağı|izin isteme|parmak|yukarı	☝🏻 ☝🏼 ☝🏽 ☝🏾 ☝🏿
🫵	1	index pointing at the viewer	karşıyı işaret eden işaret parmağı	dürtmek|el|göstermek|işaret|işaret parmağı|onlar|orası|parmak|sen	🫵🏻 🫵🏼 🫵🏽 🫵🏾 🫵🏿
👍	1	thumbs up	baş parmak yukarıda	+1|anlaştık|beğendim|bence de|el|iyi|onay|tamam	👍🏻 👍🏼 👍🏽 👍🏾 👍🏿
👎	1	thumbs down	baş parmak aşağıda	aşağı|baş parmak|el|işaret	👎🏻 👎🏼 👎🏽 👎🏾 👎🏿
🫹	1	leftwards thumb sign			🫹🏻 🫹🏼 🫹🏽 🫹🏾 🫹🏿
🫺	1	rightwards thumb sign			🫺🏻 🫺🏼 🫺🏽 🫺🏾 🫺🏿
✊	1	raised fist	yumruk kaldırma	el|havada yumruk|yumruk	✊🏻 ✊🏼 ✊🏽 ✊🏾 ✊🏿
👊	1	oncoming fist	yaklaşan yumruk	anlaştık|bam|el|katılıyorum|tamam|yumruk	👊🏻 👊🏼 👊🏽 👊🏾 👊🏿
🤛	1	left-facing fist	sola bakan yumruk	el|güm|sola doğru|yumruk	🤛🏻 🤛🏼 🤛🏽 🤛🏾 🤛🏿
🤜	1	right-facing fist	sağa bakan yumruk	el|güm|sağa doğru|yumruk	🤜🏻 🤜🏼 🤜🏽 🤜🏾 🤜🏿
👏	1	clapping hands	el çırpma	alkış|bravo|çırpma|el|eller|işaret|tebrik	👏🏻 👏🏼 👏🏽 👏🏾 👏🏿
🙌	1	raising hands	eller havaya	çak|her iki el|kutlama|kutlamak için iki eli birden kaldırma|tebrikler	🙌🏻 🙌🏼 🙌🏽 🙌🏾 🙌🏿
🫶	1	heart hands	kalp oluşturan eller	<3|aşk|birlikte|biz|el|kalp|sevgi|seviyorum	🫶🏻 🫶🏼 🫶🏽 🫶🏾 🫶🏿
👐	1	open hands	eller açık	açık|el|eller açık işareti|işaret	👐🏻 👐🏼 👐🏽 👐🏾 👐🏿
🤲	1	palms up together	iki avuç açık	dilek|dua|dua eden eller|dua etmek|ellerini açmak	🤲🏻 🤲🏼 🤲🏽 🤲🏾 🤲🏿
🤝	1	handshake	el sıkışma	anlaşma|el|sallama|toplantı	🤝🏻 🤝🏼 🤝🏽 🤝🏾 🤝🏿
🙏	1	folded hands	birleşen eller	dua|dua etme|el|hareket	🙏🏻 🙏🏼 🙏🏽 🙏🏾 🙏🏿
✍️	1	writing hand	yazı yazan el	beden|el|kalem tutma|yazma	✍🏻 ✍🏼 ✍🏽 ✍🏾 ✍🏿
💅	1	nail polish	oje sürme	kozmetik|manikür|oje|tırnak|tırnak bakımı	💅🏻 💅🏼 💅🏽 💅🏾 💅🏿
🤳	1	selfie	selfie	kamera|kendi çekim|öz çekim|özçekim|telefon	🤳🏻 🤳🏼 🤳🏽 🤳🏾 🤳🏿
💪	1	flexed biceps	pazı	çizgi roman|esnek|güçlü|kas|kas esnetme|vücutcu	💪🏻 💪🏼 💪🏽 💪🏾 💪🏿
🦾	1	mechanical arm	mekanik kol	erişilebilirlik|protez	
🦿	1	mechanical leg	mekanik bacak	erişilebilirlik|protez	
🦵	1	leg	bacak	ayak|diz|tekme|tekme atmak|uzuv	🦵🏻 🦵🏼 🦵🏽 🦵🏾 🦵🏿
🦶	1	foot	ayak	bilek|parmak|tekme|topuk	🦶🏻 🦶🏼 🦶🏽 🦶🏾 🦶🏿
👂	1	ear	kulak	dinlemek|gövde|gürültü|ses	👂🏻 👂🏼 👂🏽 👂🏾 👂🏿
🦻	1	ear with hearing aid	işitme cihazı olan kulak	erişilebilirlik|işitme güçlüğü	🦻🏻 🦻🏼 🦻🏽 🦻🏾 🦻🏿
👃	1	nose	burun	gövde|koklamak|koku|nefes|yüz	👃🏻 👃🏼 👃🏽 👃🏾 👃🏿
🧠	1	brain	beyin	akıllı|zeka|zeki	
🫀	1	anatomical heart	kalp	anatomi|kalp atışı|kan|kardiyoloji|kırmızı|merkez|nabız|organ	
🫁	1	lungs	akciğer	beden|ciğerler|nefes|nefes almak|organ|soluk|solumak|solunum|vücut	
🦷	1	tooth	diş	ağız|ağrı|azı dişi|beyaz|diş ağrısı|diş hekimi|diş perisi|dişçi|inci gibi|köpek dişi|süt dişi	
🦴	1	bone	kemik	iskelet|köpek|köpek kemiği|mama	
👀	1	eyes	gözler	bakmak|görmek|gözcü|gözetlemek|yüz	
👁️	1	eye	göz	beden|kahverengi göz	
👅	1	tongue	dil	ağız|gövde|yalamak|yüz	
👄	1	mouth	ağız	aşk|dudaklar|gövde|öpme|öptüm|öpücük|yüz	
🫦	1	biting lip	ısırılan dudak	davetkar|davetkâr|dudak|endişeli|flört|gergin|korku|öpücük|rahatsız|seksi|tutku	
👶	1	baby	bebek	kişiler	👶🏻 👶🏼 👶🏽 👶🏾 👶🏿
🧒	1	child	çocuk	genç|insan|kişi|küçük çocuk|surat	🧒🏻 🧒🏼 🧒🏽 🧒🏾 🧒🏿
👦	1	boy	erkek çocuk	erkek|insan|kişiler|oğlan çocuk	👦🏻 👦🏼 👦🏽 👦🏾 👦🏿
👧	1	girl	kız çocuk	genç|insan|kişiler|kız	👧🏻 👧🏼 👧🏽 👧🏾 👧🏿
🧑	1	person	yetişkin	adam|insan|kişi|yüz	🧑🏻 🧑🏼 🧑🏽 🧑🏾 🧑🏿
👱	1	person: blond hair	sarışın kişi	erkek|insan|kişi|kişiler|saç|sarı saçlı kişi|sarışın|yüz	👱🏻 👱🏼 👱🏽 👱🏾 👱🏿
👨	1	man	erkek	adam|insan|kişiler|sarışın erkek	👨🏻 👨🏼 👨🏽 👨🏾 👨🏿
🧔	1	person: beard	sakallı kişi	insan|sakal|sakallı|yüz	🧔🏻 🧔🏼 🧔🏽 🧔🏾 🧔🏿
🧔‍♂️	1	man: beard	erkek: sakal	erkek|sakal	🧔🏻‍♂️ 🧔🏼‍♂️ 🧔🏽‍♂️ 🧔🏾‍♂️ 🧔🏿‍♂️
🧔‍♀️	1	woman: beard	kadın: sakal	kadın|sakal	🧔🏻‍♀️ 🧔🏼‍♀️ 🧔🏽‍♀️ 🧔🏾‍♀️ 🧔🏿‍♀️
👨‍🦰	1	man: red hair	erkek: kızıl saç	adam|erkek|insan|kişiler|kızıl saç|sarışın erkek	👨🏻‍🦰 👨🏼‍🦰 👨🏽‍🦰 👨🏾‍🦰 👨🏿‍🦰
👨‍🦱	1	man: curly hair	erkek: kıvırcık saç	adam|erkek|insan|kişiler|kıvırcık saç|sarışın erkek	👨🏻‍🦱 👨🏼‍🦱 👨🏽‍🦱 👨🏾‍🦱 👨🏿‍🦱
👨‍🦳	1	man: white hair	erkek: beyaz saç	adam|beyaz saç|erkek|insan|kişiler|sarışın erkek	👨🏻‍🦳 👨🏼‍🦳 👨🏽‍🦳 👨🏾‍🦳 👨🏿‍🦳
👨‍🦲	1	man: bald	erkek: kel	adam|erkek|insan|kel|kişiler|sarışın erkek	👨🏻‍🦲 👨🏼‍🦲 👨🏽‍🦲 👨🏾‍🦲 👨🏿‍🦲
👩	1	woman	kadın	insan|kişiler|sarışın kadın	👩🏻 👩🏼 👩🏽 👩🏾 👩🏿
👩‍🦰	1	woman: red hair	kadın: kızıl saç	insan|kadın|kişiler|kızıl saç|sarışın kadın	👩🏻‍🦰 👩🏼‍🦰 👩🏽‍🦰 👩🏾‍🦰 👩🏿‍🦰
🧑‍🦰	1	person: red hair	yetişkin: kızıl saç	adam|insan|kişi|kızıl saç|yetişkin|yüz	🧑🏻‍🦰 🧑🏼‍🦰 🧑🏽‍🦰 🧑🏾‍🦰 🧑🏿‍🦰
👩‍🦱	1	woman: curly hair	kadın: kıvırcık saç	insan|kadın|kişiler|kıvırcık saç|sarışın kadın	👩🏻‍🦱 👩🏼‍🦱 👩🏽‍🦱 👩🏾‍🦱 👩🏿‍🦱
🧑‍🦱	1	person: curly hair	yetişkin: kıvırcık saç	adam|insan|kişi|kıvırcık saç|yetişkin|yüz	🧑🏻‍🦱 🧑🏼‍🦱 🧑🏽‍🦱 🧑🏾‍🦱 🧑🏿‍🦱
👩‍🦳	1	woman: white hair	kadın: beyaz saç	beyaz saç|insan|kadın|kişiler|sarışın kadın	👩🏻‍🦳 👩🏼‍🦳 👩🏽‍🦳 👩🏾‍🦳 👩🏿‍🦳
🧑‍🦳	1	person: white hair	yetişkin: beyaz saç	adam|beyaz saç|insan|kişi|yetişkin|yüz	🧑🏻‍🦳 🧑🏼‍🦳 🧑🏽‍🦳 🧑🏾‍🦳 🧑🏿‍🦳
👩‍🦲	1	woman: bald	kadın: kel	insan|kadın|kel|kişiler|sarışın kadın	👩🏻‍🦲 👩🏼‍🦲 👩🏽‍🦲 👩🏾‍🦲 👩🏿‍🦲
🧑‍🦲	1	person: bald	yetişkin: kel	adam|insan|kel|kişi|yetişkin|yüz	🧑🏻‍🦲 🧑🏼‍🦲 🧑🏽‍🦲 🧑🏾‍🦲 🧑🏿‍🦲
👱‍♀️	1	woman: blond hair	sarışın kadın	bayan|insan|kadın|kız|sarışın	👱🏻‍♀️ 👱🏼‍♀️ 👱🏽‍♀️ 👱🏾‍♀️ 👱🏿‍♀️
👱‍♂️	1	man: blond hair	sarışın erkek	adam|erkek|sarışın	👱🏻‍♂️ 👱🏼‍♂️ 👱🏽‍♂️ 👱🏾‍♂️ 👱🏿‍♂️
🧓	1	older person	yaşlı yetişkin	insan|kişi|yaşlı	🧓🏻 🧓🏼 🧓🏽 🧓🏾 🧓🏿
👴	1	old man	yaşlı erkek	büyükbaba|dede|erkek|insan|kişiler|yaşlı	👴🏻 👴🏼 👴🏽 👴🏾 👴🏿
👵	1	old woman	yaşlı kadın	anneanne|babaanne|insan|kadın|kişiler|yaşlı	👵🏻 👵🏼 👵🏽 👵🏾 👵🏿
🙍	1	person frowning	somurtma	beğenmeme|hareket|hayal kırıklığı|kişi|mimik|öfkeli|rahatsız|sıkkın|somurtan kişi|surat asma	🙍🏻 🙍🏼 🙍🏽 🙍🏾 🙍🏿
🙍‍♂️	1	man frowning	somurtan erkek	adam|erkek|insan|mimik|mutsuz|somurtma	🙍🏻‍♂️ 🙍🏼‍♂️ 🙍🏽‍♂️ 🙍🏾‍♂️ 🙍🏿‍♂️
🙍‍♀️	1	woman frowning	somurtan kadın	bayan|kadın|mimik|somurtma	🙍🏻‍♀️ 🙍🏼‍♀️ 🙍🏽‍♀️ 🙍🏾‍♀️ 🙍🏿‍♀️
🙎	1	person pouting	darılma	darılan kişi|hareket|hayal kırıklığı|kişi|kırgın|küsme|mimik|öfkeli|somurtma|surat asma|üzgün	🙎🏻 🙎🏼 🙎🏽 🙎🏾 🙎🏿
🙎‍♂️	1	man pouting	darılan erkek	adam|darılma|erkek|mimik	🙎🏻‍♂️ 🙎🏼‍♂️ 🙎🏽‍♂️ 🙎🏾‍♂️ 🙎🏿‍♂️
🙎‍♀️	1	woman pouting	darılan kadın	bayan|darılma|kadın|mimik	🙎🏻‍♀️ 🙎🏼‍♀️ 🙎🏽‍♀️ 🙎🏾‍♀️ 🙎🏿‍♀️
🙅	1	person gesturing NO	hayır hareketi	asla|hareket|hayır|insan|iyi değil|izin vermiyorum|izinsiz|kişi|olmaz|vücut|yasak|yüz	🙅🏻 🙅🏼 🙅🏽 🙅🏾 🙅🏿
🙅‍♂️	1	man gesturing NO	hayır hareketi yapan erkek	el|erkek|hareket|hayır|insan|iyi değil|yasak|yok	🙅🏻‍♂️ 🙅🏼‍♂️ 🙅🏽‍♂️ 🙅🏾‍♂️ 🙅🏿‍♂️
🙅‍♀️	1	woman gesturing NO	hayır hareketi yapan kadın	bayan|el|hareket|hayır|iyi değil|kadın|yasak	🙅🏻‍♀️ 🙅🏼‍♀️ 🙅🏽‍♀️ 🙅🏾‍♀️ 🙅🏿‍♀️
🙆	1	person gesturing OK	tamam hareketi	aman tanrım|egzersiz|el|hareket|kişi|kocaman|oldu|tamam|vücut|yüz	🙆🏻 🙆🏼 🙆🏽 🙆🏾 🙆🏿
🙆‍♂️	1	man gesturing OK	tamam hareketi yapan erkek	adam|aman allah|aman tanrım|egzersiz|el|eller|eller yukarı|erkek|hareket|insan|tamam	🙆🏻‍♂️ 🙆🏼‍♂️ 🙆🏽‍♂️ 🙆🏾‍♂️ 🙆🏿‍♂️
🙆‍♀️	1	woman gesturing OK	tamam hareketi yapan kadın	bayan|el|hareket|kadın|tamam	🙆🏻‍♀️ 🙆🏼‍♀️ 🙆🏽‍♀️ 🙆🏾‍♀️ 🙆🏿‍♀️
💁	1	person tipping hand	elini yana yatırma	alaycı|bilgilendirme|dedikodu|el|keyfin bilir|kişi|kişiler|neyse|saçını savurma|sen bilirsin|umurumda değil	💁🏻 💁🏼 💁🏽 💁🏾 💁🏿
💁‍♂️	1	man tipping hand	elini yana yatıran erkek	adam|bilgi|dedikodu|erkek|insan|küstah|sarkastik|yana yatmış el	💁🏻‍♂️ 💁🏼‍♂️ 💁🏽‍♂️ 💁🏾‍♂️ 💁🏿‍♂️
💁‍♀️	1	woman tipping hand	elini yana yatıran kadın	bayan|kadın|küstah|yana yatmış el	💁🏻‍♀️ 💁🏼‍♀️ 💁🏽‍♀️ 💁🏾‍♀️ 💁🏿‍♀️
🙋	1	person raising hand	elini kaldırma	ben|burada|el|el kaldırma|hareket|kalkan el|kişi|merhaba|selam|soru|söz isteme	🙋🏻 🙋🏼 🙋🏽 🙋🏾 🙋🏿
🙋‍♂️	1	man raising hand	elini kaldıran erkek	adam|el hareketi|el kaldırma|erkek|hareket|insan|soru	🙋🏻‍♂️ 🙋🏼‍♂️ 🙋🏽‍♂️ 🙋🏾‍♂️ 🙋🏿‍♂️
🙋‍♀️	1	woman raising hand	elini kaldıran kadın	bayan|el kaldırma|hareket|kadın	🙋🏻‍♀️ 🙋🏼‍♀️ 🙋🏽‍♀️ 🙋🏾‍♀️ 🙋🏿‍♀️
🧏	1	deaf person	işitme engelli kişi	duyma|erişilebilirlik|işitme|işitme engelli|kulak	🧏🏻 🧏🏼 🧏🏽 🧏🏾 🧏🏿
🧏‍♂️	1	deaf man	işitme engelli erkek	adam|erkek|işitme engelli	🧏🏻‍♂️ 🧏🏼‍♂️ 🧏🏽‍♂️ 🧏🏾‍♂️ 🧏🏿‍♂️
🧏‍♀️	1	deaf woman	işitme engelli kadın	işitme engelli|kadın	🧏🏻‍♀️ 🧏🏼‍♀️ 🧏🏽‍♀️ 🧏🏾‍♀️ 🧏🏿‍♀️
🙇	1	person bowing	başını öne eğme	affet|affetme|bağışlama|eğilme|hareket|kişi|merhamet|özür dilerim|üzgünüm|yakarma|yalvarma	🙇🏻 🙇🏼 🙇🏽 🙇🏾 🙇🏿
🙇‍♂️	1	man bowing	başını öne eğen erkek	adam|baş eğme|erkek|hareket|lütuf|özür	🙇🏻‍♂️ 🙇🏼‍♂️ 🙇🏽‍♂️ 🙇🏾‍♂️ 🙇🏿‍♂️
🙇‍♀️	1	woman bowing	başını öne eğen kadın	baş eğme|bayan|hareket|kadın|lütuf|özür	🙇🏻‍♀️ 🙇🏼‍♀️ 🙇🏽‍♀️ 🙇🏾‍♀️ 🙇🏿‍♀️
🤦	1	person facepalming	yüzünü eliyle kapama	aman tanrım|çileden çıkma|inanamıyorum|inanmama|inanmıyorum|kızgınlık|öfke|olamaz|şok	🤦🏻 🤦🏼 🤦🏽 🤦🏾 🤦🏿
🤦‍♂️	1	man facepalming	eliyle yüzünü kapatan erkek	adam|aman tanrım|çileden çıkma|erkek|inanamıyorum|inanmama|öfke|olamaz|sinir|utancından eliyle yüzünü kapatma|utanma	🤦🏻‍♂️ 🤦🏼‍♂️ 🤦🏽‍♂️ 🤦🏾‍♂️ 🤦🏿‍♂️
🤦‍♀️	1	woman facepalming	eliyle yüzünü kapatan kadın	aman tanrım|çileden çıkma|el|inanamıyorum|inanmama|kadın|öfke|olamaz|sinir|utanç|utancından eliyle yüzünü kapatma	🤦🏻‍♀️ 🤦🏼‍♀️ 🤦🏽‍♀️ 🤦🏾‍♀️ 🤦🏿‍♀️
🤷	1	person shrugging	omuz silkme	bilemem|bilmem|bilmeme|bilmiyorum|ilgisizlik|kararsız|kişi|ne bileyim|ne yapalım|sanırım|vücut	🤷🏻 🤷🏼 🤷🏽 🤷🏾 🤷🏿
🤷‍♂️	1	man shrugging	omuz silken erkek	adam|belki|bilmem|erkek|her neyse|ilgisizlik|kişi|kuşku|omuz silkme|sanırım|şüphe	🤷🏻‍♂️ 🤷🏼‍♂️ 🤷🏽‍♂️ 🤷🏾‍♂️ 🤷🏿‍♂️
🤷‍♀️	1	woman shrugging	omuz silken kadın	bayan|belki|bilmem|cahillik|cehalet|her neyse|ilgisizlik|kadın|kişi|kuşku|omuz silkme|sanırım|şüphe|vücut	🤷🏻‍♀️ 🤷🏼‍♀️ 🤷🏽‍♀️ 🤷🏾‍♀️ 🤷🏿‍♀️
🧑‍⚕️	1	health worker	sağlık çalışanı	doktor|hasta bakıcı|hemşire|sağlık personeli|terapist	🧑🏻‍⚕️ 🧑🏼‍⚕️ 🧑🏽‍⚕️ 🧑🏾‍⚕️ 🧑🏿‍⚕️
👨‍⚕️	1	man health worker	erkek sağlık çalışanı	adam|doktor|erkek|hastabakıcı|meslek|sağlık|terapist	👨🏻‍⚕️ 👨🏼‍⚕️ 👨🏽‍⚕️ 👨🏾‍⚕️ 👨🏿‍⚕️
👩‍⚕️	1	woman health worker	kadın sağlık çalışanı	bayan|doktor|hemşire|kadın|meslek|sağlık|terapist	👩🏻‍⚕️ 👩🏼‍⚕️ 👩🏽‍⚕️ 👩🏾‍⚕️ 👩🏿‍⚕️
🧑‍🎓	1	student	öğrenci	mezun|talebe	🧑🏻‍🎓 🧑🏼‍🎓 🧑🏽‍🎓 🧑🏾‍🎓 🧑🏿‍🎓
👨‍🎓	1	man student	erkek öğrenci	adam|erkek|mezun|öğrenci	👨🏻‍🎓 👨🏼‍🎓 👨🏽‍🎓 👨🏾‍🎓 👨🏿‍🎓
👩‍🎓	1	woman student	kız öğrenci	bayan|kadın|mezun|öğrenci	👩🏻‍🎓 👩🏼‍🎓 👩🏽‍🎓 👩🏾‍🎓 👩🏿‍🎓
🧑‍🏫	1	teacher	öğretmen	doçent|eğitimci|profesör	🧑🏻‍🏫 🧑🏼‍🏫 🧑🏽‍🏫 🧑🏾‍🏫 🧑🏿‍🏫
👨‍🏫	1	man teacher	erkek öğretmen	adam|eğitmen|erkek|meslek|öğretmen|profesör	👨🏻‍🏫 👨🏼‍🏫 👨🏽‍🏫 👨🏾‍🏫 👨🏿‍🏫
👩‍🏫	1	woman teacher	kadın öğretmen	bayan|eğitmen|kadın|meslek|öğretmen|profesör	👩🏻‍🏫 👩🏼‍🏫 👩🏽‍🏫 👩🏾‍🏫 👩🏿‍🏫
🧑‍⚖️	1	judge	hakim	adalet|terazi|yargıç	🧑🏻‍⚖️ 🧑🏼‍⚖️ 🧑🏽‍⚖️ 🧑🏾‍⚖️ 🧑🏿‍⚖️
👨‍⚖️	1	man judge	erkek hakim	adalet|adam|erkek|meslek|terazi|yargıç	👨🏻‍⚖️ 👨🏼‍⚖️ 👨🏽‍⚖️ 👨🏾‍⚖️ 👨🏿‍⚖️
👩‍⚖️	1	woman judge	kadın hakim	adalet|bayan|insan|kadın|meslek|savcı|terazi	👩🏻‍⚖️ 👩🏼‍⚖️ 👩🏽‍⚖️ 👩🏾‍⚖️ 👩🏿‍⚖️
🧑‍🌾	1	farmer	çiftçi	bahçıvan|rençper	🧑🏻‍🌾 🧑🏼‍🌾 🧑🏽‍🌾 🧑🏾‍🌾 🧑🏿‍🌾
👨‍🌾	1	man farmer	erkek çiftçi	adam|bahçıvan|çiftçi|çiftlik sahibi|erkek|meslek	👨🏻‍🌾 👨🏼‍🌾 👨🏽‍🌾 👨🏾‍🌾 👨🏿‍🌾
👩‍🌾	1	woman farmer	kadın çiftçi	bahçıvan|bayan|çiftçi|çiftlik sahibi|kadın|meslek	👩🏻‍🌾 👩🏼‍🌾 👩🏽‍🌾 👩🏾‍🌾 👩🏿‍🌾
🧑‍🍳	1	cook	aşçı	yemek pişirme	🧑🏻‍🍳 🧑🏼‍🍳 🧑🏽‍🍳 🧑🏾‍🍳 🧑🏿‍🍳
👨‍🍳	1	man cook	erkek aşçı	adam|erkek|meslek|şef|yemek yapma	👨🏻‍🍳 👨🏼‍🍳 👨🏽‍🍳 👨🏾‍🍳 👨🏿‍🍳
👩‍🍳	1	woman cook	kadın aşçı	bayan|kadın|şef|yemek|yemek yapma	👩🏻‍🍳 👩🏼‍🍳 👩🏽‍🍳 👩🏾‍🍳 👩🏿‍🍳
🧑‍🔧	1	mechanic	tamirci	elektrikçi|tesisatçı	🧑🏻‍🔧 🧑🏼‍🔧 🧑🏽‍🔧 🧑🏾‍🔧 🧑🏿‍🔧
👨‍🔧	1	man mechanic	erkek tamirci	adam|elektrikçi|erkek|esnaf|meslek|tamirci|tesisatçı	👨🏻‍🔧 👨🏼‍🔧 👨🏽‍🔧 👨🏾‍🔧 👨🏿‍🔧
👩‍🔧	1	woman mechanic	kadın tamirci	bayan|elektrikçi|esnaf|kadın|meslek|tamirci|tesisatçı	👩🏻‍🔧 👩🏼‍🔧 👩🏽‍🔧 👩🏾‍🔧 👩🏿‍🔧
🧑‍🏭	1	factory worker	fabrika işçisi	endüstri|fabrika|işçi|montaj|sanayi	🧑🏻‍🏭 🧑🏼‍🏭 🧑🏽‍🏭 🧑🏾‍🏭 🧑🏿‍🏭
👨‍🏭	1	man factory worker	erkek fabrika işçisi	adam|erkek|fabrika|işçi|meslek|montaj|sanayi	👨🏻‍🏭 👨🏼‍🏭 👨🏽‍🏭 👨🏾‍🏭 👨🏿‍🏭
👩‍🏭	1	woman factory worker	kadın fabrika işçisi	bayan|fabrika|işçi|kadın|meslek|montaj|sanayi	👩🏻‍🏭 👩🏼‍🏭 👩🏽‍🏭 👩🏾‍🏭 👩🏿‍🏭
🧑‍💼	1	office worker	ofis çalışanı	beyaz yakalı|iş yeri|mimar|müdür|yönetici	🧑🏻‍💼 🧑🏼‍💼 🧑🏽‍💼 🧑🏾‍💼 🧑🏿‍💼
👨‍💼	1	man office worker	erkek ofis çalışanı	adam|beyaz yaka|erkek|iş|meslek|mimar|ofis|yönetici	👨🏻‍💼 👨🏼‍💼 👨🏽‍💼 👨🏾‍💼 👨🏿‍💼
👩‍💼	1	woman office worker	kadın ofis çalışanı	bayan|beyaz yaka|iş|iş kadını|işkadını|kadın|meslek|mimar|ofis|yönetici	👩🏻‍💼 👩🏼‍💼 👩🏽‍💼 👩🏾‍💼 👩🏿‍💼
🧑‍🔬	1	scientist	bilim insanı	biyolog|fizikçi|kimyacı|kimyager	🧑🏻‍🔬 🧑🏼‍🔬 🧑🏽‍🔬 🧑🏾‍🔬 🧑🏿‍🔬
👨‍🔬	1	man scientist	erkek bilim insanı	adam|bilim adamı|biyolog|erkek|fizikçi|kimyacı|matematikçi|meslek|mühendis	👨🏻‍🔬 👨🏼‍🔬 👨🏽‍🔬 👨🏾‍🔬 👨🏿‍🔬
👩‍🔬	1	woman scientist	kadın bilim insanı	bayan|bilim adamı|biyolog|fizikçi|kadın|kimyacı|matematikçi|meslek|mühendis	👩🏻‍🔬 👩🏼‍🔬 👩🏽‍🔬 👩🏾‍🔬 👩🏿‍🔬
🧑‍💻	1	technologist	teknoloji uzmanı	geliştirici|kodlayıcı|mucit|teknolog|yazılım|yazılımcı	🧑🏻‍💻 🧑🏼‍💻 🧑🏽‍💻 🧑🏾‍💻 🧑🏿‍💻
👨‍💻	1	man technologist	erkek teknoloji uzmanı	adam|bilgisayar mühendisi|erkek|erkek bilgisayar mühendisi|geliştirici|kodlayıcı|meslek|mucit|mühendis|programlamacı|teknoloji uzmanı|yazılım	👨🏻‍💻 👨🏼‍💻 👨🏽‍💻 👨🏾‍💻 👨🏿‍💻
👩‍💻	1	woman technologist	kadın teknoloji uzmanı	bayan|geliştirici|kadın|kadın mühendis|kodlayıcı|meslek|mucit|teknoloji uzmanı|yazılım	👩🏻‍💻 👩🏼‍💻 👩🏽‍💻 👩🏾‍💻 👩🏿‍💻
🧑‍🎤	1	singer	şarkıcı	aktör|aktris|gösterici|star|yıldız	🧑🏻‍🎤 🧑🏼‍🎤 🧑🏽‍🎤 🧑🏾‍🎤 🧑🏿‍🎤
👨‍🎤	1	man singer	erkek şarkıcı	adam|aktör|erkek|gösterici|meslek|rock|şarkıcı|star	👨🏻‍🎤 👨🏼‍🎤 👨🏽‍🎤 👨🏾‍🎤 👨🏿‍🎤
👩‍🎤	1	woman singer	kadın şarkıcı	aktör|bayan|gösterici|kadın|meslek|rock|şarkıcı|star	👩🏻‍🎤 👩🏼‍🎤 👩🏽‍🎤 👩🏾‍🎤 👩🏿‍🎤
🧑‍🎨	1	artist	ressam	palet|sanatçı	🧑🏻‍🎨 🧑🏼‍🎨 🧑🏽‍🎨 🧑🏾‍🎨 🧑🏿‍🎨
👨‍🎨	1	man artist	erkek ressam	adam|erkek|meslek|palet|ressam|sanatçı	👨🏻‍🎨 👨🏼‍🎨 👨🏽‍🎨 👨🏾‍🎨 👨🏿‍🎨
👩‍🎨	1	woman artist	kadın ressam	bayan|kadın|meslek|palet|ressam|sanatçı	👩🏻‍🎨 👩🏼‍🎨 👩🏽‍🎨 👩🏾‍🎨 👩🏿‍🎨
🧑‍✈️	1	pilot	pilot	uçak	🧑🏻‍✈️ 🧑🏼‍✈️ 🧑🏽‍✈️ 🧑🏾‍✈️ 🧑🏿‍✈️
👨‍✈️	1	man pilot	erkek pilot	adam|erkek|insan|meslek|pilot|uçak	👨🏻‍✈️ 👨🏼‍✈️ 👨🏽‍✈️ 👨🏾‍✈️ 👨🏿‍✈️
👩‍✈️	1	woman pilot	kadın pilot	bayan|kadın|meslek|pilot|uçak	👩🏻‍✈️ 👩🏼‍✈️ 👩🏽‍✈️ 👩🏾‍✈️ 👩🏿‍✈️
🧑‍🚀	1	astronaut	astronot	roket|uzay	🧑🏻‍🚀 🧑🏼‍🚀 🧑🏽‍🚀 🧑🏾‍🚀 🧑🏿‍🚀
👨‍🚀	1	man astronaut	erkek astronot	adam|astronot|erkek|meslek|roket|uzay	👨🏻‍🚀 👨🏼‍🚀 👨🏽‍🚀 👨🏾‍🚀 👨🏿‍🚀
👩‍🚀	1	woman astronaut	kadın astronot	astronot|bayan|kadın|meslek|roket|uzay	👩🏻‍🚀 👩🏼‍🚀 👩🏽‍🚀 👩🏾‍🚀 👩🏿‍🚀
🧑‍🚒	1	firefighter	itfaiyeci	itfaiye aracı	🧑🏻‍🚒 🧑🏼‍🚒 🧑🏽‍🚒 🧑🏾‍🚒 🧑🏿‍🚒
👨‍🚒	1	man firefighter	erkek itfaiyeci	adam|erkek|itfaiye aracı|itfaiyeci|meslek	👨🏻‍🚒 👨🏼‍🚒 👨🏽‍🚒 👨🏾‍🚒 👨🏿‍🚒
👩‍🚒	1	woman firefighter	kadın itfaiyeci	bayan|itfaiye aracı|itfaiyeci|kadın|meslek	👩🏻‍🚒 👩🏼‍🚒 👩🏽‍🚒 👩🏾‍🚒 👩🏿‍🚒
👮	1	police officer	polis memuru	ceza|erkek polis|görevli|gözaltı|kanun|kişi|kişiler|meslek|polis|tutuklama|yasa	👮🏻 👮🏼 👮🏽 👮🏾 👮🏿
👮‍♂️	1	man police officer	erkek polis memuru	adam|aynasız|erkek|memur|polis	👮🏻‍♂️ 👮🏼‍♂️ 👮🏽‍♂️ 👮🏾‍♂️ 👮🏿‍♂️
👮‍♀️	1	woman police officer	kadın polis memuru	aynasız|bayan|ceza|gözaltı|kadın|kanun|kişi|kolluk|memur|polis|polis memuru|tutuklama|vücut|yasa	👮🏻‍♀️ 👮🏼‍♀️ 👮🏽‍♀️ 👮🏾‍♀️ 👮🏿‍♀️
🕵️	1	detective	dedektif	casus|erkek casus|hafiye|meslek	🕵🏻 🕵🏼 🕵🏽 🕵🏾 🕵🏿
🕵️‍♂️	1	man detective	erkek dedektif	adam|casus|dedektif|erkek|hafiye	🕵🏻‍♂️ 🕵🏼‍♂️ 🕵🏽‍♂️ 🕵🏾‍♂️ 🕵🏿‍♂️
🕵️‍♀️	1	woman detective	kadın dedektif	bayan|casus|dedektif|hafiye|kadın|meslek	🕵🏻‍♀️ 🕵🏼‍♀️ 🕵🏽‍♀️ 🕵🏾‍♀️ 🕵🏿‍♀️
💂	1	guard	muhafız	bekçi|kişiler|koruma görevlisi|londra	💂🏻 💂🏼 💂🏽 💂🏾 💂🏿
💂‍♂️	1	man guard	erkek muhafız	adam|erkek|muhafız	💂🏻‍♂️ 💂🏼‍♂️ 💂🏽‍♂️ 💂🏾‍♂️ 💂🏿‍♂️
💂‍♀️	1	woman guard	kadın muhafız	bayan|buckingham sarayı|kadın|londra|muhafız	💂🏻‍♀️ 💂🏼‍♀️ 💂🏽‍♀️ 💂🏾‍♀️ 💂🏿‍♀️
🥷	1	ninja	ninja	asker|dövüşçü|gizli|insan|katana|kavga|kiralık katil|saklı|savaş|suikast	🥷🏻 🥷🏼 🥷🏽 🥷🏾 🥷🏿
👷	1	construction worker	inşaat işçisi	baret|inşaat|iş|işçi|kişi|kişiler|meslek|onarım|tadilat|tamirat|vücut	👷🏻 👷🏼 👷🏽 👷🏾 👷🏿
👷‍♂️	1	man construction worker	erkek inşaat işçisi	adam|erkek|inşaat|işçi	👷🏻‍♂️ 👷🏼‍♂️ 👷🏽‍♂️ 👷🏾‍♂️ 👷🏿‍♂️
👷‍♀️	1	woman construction worker	kadın inşaat işçisi	bayan|inşaat|insan|işçi|kadın|kask|meslek	👷🏻‍♀️ 👷🏼‍♀️ 👷🏽‍♀️ 👷🏾‍♀️ 👷🏿‍♀️
🫅	1	person with crown	taç takmış insan	asil|insan|kral|kraliçe|kraliyet|soylu|taç|taht	🫅🏻 🫅🏼 🫅🏽 🫅🏾 🫅🏿
🤴	1	prince	prens	insan|kraliyet	🤴🏻 🤴🏼 🤴🏽 🤴🏾 🤴🏿
👸	1	princess	prenses	insan|kişiler|kraliçe|peri masalı	👸🏻 👸🏼 👸🏽 👸🏾 👸🏿
👳	1	person wearing turban	sarıklı kişi	başörtüsü|insan|kişi|kişiler|sarık|sarıklı erkek|türban|türbanlı kişi|vücut	👳🏻 👳🏼 👳🏽 👳🏾 👳🏿
👳‍♂️	1	man wearing turban	sarıklı erkek	adam|erkek|sarık	👳🏻‍♂️ 👳🏼‍♂️ 👳🏽‍♂️ 👳🏾‍♂️ 👳🏿‍♂️
👳‍♀️	1	woman wearing turban	sarıklı kadın	bayan|insan|kadın|sarık|türban|türbanlı kadın	👳🏻‍♀️ 👳🏼‍♀️ 👳🏽‍♀️ 👳🏾‍♀️ 👳🏿‍♀️
👲	1	person with skullcap	çin şapkalı erkek	adam|çinli şapkası olan adam|erkek|gua pi mao|gua pi mao takan erkek|kişiler|meslek	👲🏻 👲🏼 👲🏽 👲🏾 👲🏿
🧕	1	woman with headscarf	başörtülü kadın	baş örtüsü|insan|türban|türbanlı	🧕🏻 🧕🏼 🧕🏽 🧕🏾 🧕🏿
🤵	1	person in tuxedo	smokinli kişi	adam|damat|kişi|simokin|smokin|smokinli adam	🤵🏻 🤵🏼 🤵🏽 🤵🏾 🤵🏿
🤵‍♂️	1	man in tuxedo	smokinli erkek	adam|smokin|smokinli adam	🤵🏻‍♂️ 🤵🏼‍♂️ 🤵🏽‍♂️ 🤵🏾‍♂️ 🤵🏿‍♂️
🤵‍♀️	1	woman in tuxedo	smokinli kadın	kadın|smokin	🤵🏻‍♀️ 🤵🏼‍♀️ 🤵🏽‍♀️ 🤵🏾‍♀️ 🤵🏿‍♀️
👰	1	person with veil	duvaklı gelin	duvak|evlilik|gelin|kişiler	👰🏻 👰🏼 👰🏽 👰🏾 👰🏿
👰‍♂️	1	man with veil	duvaklı erkek	adam|duvak|duvaklı adam	👰🏻‍♂️ 👰🏼‍♂️ 👰🏽‍♂️ 👰🏾‍♂️ 👰🏿‍♂️
👰‍♀️	1	woman with veil	duvaklı kadın	duvak|kadın	👰🏻‍♀️ 👰🏼‍♀️ 👰🏽‍♀️ 👰🏾‍♀️ 👰🏿‍♀️
🤰	1	pregnant woman	hamile kadın	hamile|kadın	🤰🏻 🤰🏼 🤰🏽 🤰🏾 🤰🏿
🫃	1	pregnant man	hamile adam	gaz|göbek|göbekli|hamile|iki canlı|insan|karnı şiş|obur|şişmiş	🫃🏻 🫃🏼 🫃🏽 🫃🏾 🫃🏿
🫄	1	pregnant person	hamile kişi	çok yemek|gaz|göbek|göbekli|hamile|iki canlı|insan|karnı şiş|obur|şişmiş	🫄🏻 🫄🏼 🫄🏽 🫄🏾 🫄🏿
🤱	1	breast-feeding	emziren kadın	anne sütü|bebek|emzirme|göğüs|meme verme|süt izni	🤱🏻 🤱🏼 🤱🏽 🤱🏾 🤱🏿
👩‍🍼	1	woman feeding baby	bebek emziren kadın	anne|bakıcı|bakım|bebek|bebek bakıcısı|beslemek|emzirme|insan|kadın|kucak|sevgi|yenidoğan	👩🏻‍🍼 👩🏼‍🍼 👩🏽‍🍼 👩🏾‍🍼 👩🏿‍🍼
👨‍🍼	1	man feeding baby	bebek emziren erkek	baba|bakıcı|bakıcılık|bebek|bebek bakıcısı|beslemek|emzirme|erkek|insan|kucak|sevgi|yenidoğan	👨🏻‍🍼 👨🏼‍🍼 👨🏽‍🍼 👨🏾‍🍼 👨🏿‍🍼
🧑‍🍼	1	person feeding baby	bebek emziren kişi	anne|baba|bakıcı|bakıcılık|bebek|bebek bakıcısı|beslemek|emzirme|erkek|insan|kadın|kişi|yenidoğan	🧑🏻‍🍼 🧑🏼‍🍼 🧑🏽‍🍼 🧑🏾‍🍼 🧑🏿‍🍼
👼	1	baby angel	bebek melek	bebek|melek|peri masalı|yüz	👼🏻 👼🏼 👼🏽 👼🏾 👼🏿
🎅	1	Santa Claus	Noel Baba	insan|kutlama|noel|noel baba|santa claus	🎅🏻 🎅🏼 🎅🏽 🎅🏾 🎅🏿
🤶	1	Mrs. Claus	Noel Anne	anne|insan|noel|noel annesi	🤶🏻 🤶🏼 🤶🏽 🤶🏾 🤶🏿
🧑‍🎄	1	Mx Claus	cinsiyet belirtmeyen noel karakteri	christmas|insan|mutlu noeller|mutlu yıllar|noel|noel baba|Noel figürü|santa claus|şapka|tatil|yılbaşı	🧑🏻‍🎄 🧑🏼‍🎄 🧑🏽‍🎄 🧑🏾‍🎄 🧑🏿‍🎄
🦸	1	superhero	süper kahraman	iyi|iyilik|kahraman|kurtarmak|pelerin|süper güç|uçmak	🦸🏻 🦸🏼 🦸🏽 🦸🏾 🦸🏿
🦸‍♂️	1	man superhero	erkek süper kahraman	erkek|iyi|kahraman|süper güç	🦸🏻‍♂️ 🦸🏼‍♂️ 🦸🏽‍♂️ 🦸🏾‍♂️ 🦸🏿‍♂️
🦸‍♀️	1	woman superhero	kadın süper kahraman	iyi|kadın|kahraman|süper güç	🦸🏻‍♀️ 🦸🏼‍♀️ 🦸🏽‍♀️ 🦸🏾‍♀️ 🦸🏿‍♀️
🦹	1	supervillain	süper kötü	acımasız|hain|kötü|kötü adam|pelerin|şeytani|suçlu|süper güç|süper kahraman|vampir|zalim	🦹🏻 🦹🏼 🦹🏽 🦹🏾 🦹🏿
🦹‍♂️	1	man supervillain	erkek süper kötü	erkek|kötü|şeytani|suçlu|süper güç	🦹🏻‍♂️ 🦹🏼‍♂️ 🦹🏽‍♂️ 🦹🏾‍♂️ 🦹🏿‍♂️
🦹‍♀️	1	woman supervillain	kadın süper kötü	kadın|kötü|şeytani|suçlu|süper güç	🦹🏻‍♀️ 🦹🏼‍♀️ 🦹🏽‍♀️ 🦹🏾‍♀️ 🦹🏿‍♀️
🧙	1	mage	büyücü	büyü|cadı|sihir|sihirbaz	🧙🏻 🧙🏼 🧙🏽 🧙🏾 🧙🏿
🧙‍♂️	1	man mage	erkek büyücü	büyücü|sihirbaz	🧙🏻‍♂️ 🧙🏼‍♂️ 🧙🏽‍♂️ 🧙🏾‍♂️ 🧙🏿‍♂️
🧙‍♀️	1	woman mage	kadın büyücü	büyücü|cadı	🧙🏻‍♀️ 🧙🏼‍♀️ 🧙🏽‍♀️ 🧙🏾‍♀️ 🧙🏿‍♀️
🧚	1	fairy	peri	kanat|masal|mitoloji|Oberon|Puck|Titania	🧚🏻 🧚🏼 🧚🏽 🧚🏾 🧚🏿
🧚‍♂️	1	man fairy	erkek peri	Oberon|Puck	🧚🏻‍♂️ 🧚🏼‍♂️ 🧚🏽‍♂️ 🧚🏾‍♂️ 🧚🏿‍♂️
🧚‍♀️	1	woman fairy	kadın peri	Titania	🧚🏻‍♀️ 🧚🏼‍♀️ 🧚🏽‍♀️ 🧚🏾‍♀️ 🧚🏿‍♀️
🧛	1	vampire	vampir	drakula|Drakula|hortlak|kan	🧛🏻 🧛🏼 🧛🏽 🧛🏾 🧛🏿
🧛‍♂️	1	man vampire	erkek vampir	Drakula|hortlak	🧛🏻‍♂️ 🧛🏼‍♂️ 🧛🏽‍♂️ 🧛🏾‍♂️ 🧛🏿‍♂️
🧛‍♀️	1	woman vampire	kadın vampir	hortlak	🧛🏻‍♀️ 🧛🏼‍♀️ 🧛🏽‍♀️ 🧛🏾‍♀️ 🧛🏿‍♀️
🧜	1	merperson	balık insan	balık kadın|deniz altı|deniz kızı|mitoloji|peri masalı|poseidon|su altı|üç dişli çatal	🧜🏻 🧜🏼 🧜🏽 🧜🏾 🧜🏿
🧜‍♂️	1	merman	balık adam		🧜🏻‍♂️ 🧜🏼‍♂️ 🧜🏽‍♂️ 🧜🏾‍♂️ 🧜🏿‍♂️
🧜‍♀️	1	mermaid	denizkızı	balık kadın	🧜🏻‍♀️ 🧜🏼‍♀️ 🧜🏽‍♀️ 🧜🏾‍♀️ 🧜🏿‍♀️
🧝	1	elf	elf	legolas|sihirli|sivri kulak	🧝🏻 🧝🏼 🧝🏽 🧝🏾 🧝🏿
🧝‍♂️	1	man elf	erkek elf	sihirli	🧝🏻‍♂️ 🧝🏼‍♂️ 🧝🏽‍♂️ 🧝🏾‍♂️ 🧝🏿‍♂️
🧝‍♀️	1	woman elf	kadın elf	sihirli	🧝🏻‍♀️ 🧝🏼‍♀️ 🧝🏽‍♀️ 🧝🏾‍♀️ 🧝🏿‍♀️
🧞	1	genie	cin	Alaaddin’in sihirli lambası|Alaaddinin sihirli lambası|dilek|lamba|sihir	
🧞‍♂️	1	man genie	erkek cin	cin	
🧞‍♀️	1	woman genie	kadın cin	cin	
🧟	1	zombie	zombi	hortlak|kişi|kıyamet|korku|korkunç|ürkünç|yaşayan ölü|yürüyen ölü	
🧟‍♂️	1	man zombie	erkek zombi	hortlak|yürüyen ölü	
🧟‍♀️	1	woman zombie	kadın zombi	hortlak|yürüyen ölü	
🧌	1	troll	trol	canavar|dev|fantezi|gerçek dışı|hayali|hulk|ork|peri masalı|yaratık|yeşil dev	
🫈	1	hairy creature	tüylü yaratık	dev|efsanevi yaratık|koca ayak|orman|tüylü|yeti	
💆	1	person getting massage	yüz masajı	baş ağrısı|gerginlik|kişi|masaj|masaj yaptıran kişi|rahatlama|salon|spa|terapi	💆🏻 💆🏼 💆🏽 💆🏾 💆🏿
💆‍♂️	1	man getting massage	yüz masajı yaptıran erkek	adam|erkek|masaj|yüz	💆🏻‍♂️ 💆🏼‍♂️ 💆🏽‍♂️ 💆🏾‍♂️ 💆🏿‍♂️
💆‍♀️	1	woman getting massage	yüz masajı yaptıran kadın	bayan|kadın|masaj|yüz	💆🏻‍♀️ 💆🏼‍♀️ 💆🏽‍♀️ 💆🏾‍♀️ 💆🏿‍♀️
💇	1	person getting haircut	saç kesimi	bakım|güzellik|güzellik salonu|kes|kişi|kuaför|makas|saç kestirme|saç stili|salon|tarz	💇🏻 💇🏼 💇🏽 💇🏾 💇🏿
💇‍♂️	1	man getting haircut	saç kestiren erkek	adam|berber|erkek|insan|saç kesimi|saç kestirmek	💇🏻‍♂️ 💇🏼‍♂️ 💇🏽‍♂️ 💇🏾‍♂️ 💇🏿‍♂️
💇‍♀️	1	woman getting haircut	saç kestiren kadın	bayan|kadın|saç kesimi	💇🏻‍♀️ 💇🏼‍♀️ 💇🏽‍♀️ 💇🏾‍♀️ 💇🏿‍♀️
🚶	1	person walking	yürüyen kişi	aylak|gezinti|kişi|salınma|tempo|vücut|yaya|yürüme|yürüyen|yürüyen adam|yürüyüş	🚶🏻 🚶🏼 🚶🏽 🚶🏾 🚶🏿
🚶‍♂️	1	man walking	yürüyen erkek	adam|dolaşma|erkek|yürüme	🚶🏻‍♂️ 🚶🏼‍♂️ 🚶🏽‍♂️ 🚶🏾‍♂️ 🚶🏿‍♂️
🚶‍♀️	1	woman walking	yürüyen kadın	bayan|dolaşma|kadın|yaya|yürüme	🚶🏻‍♀️ 🚶🏼‍♀️ 🚶🏽‍♀️ 🚶🏾‍♀️ 🚶🏿‍♀️
🚶‍➡️	1	person walking facing right	yürüyen kişi: sağa dönük	aylak|dönük|gezinti|kişi|sağa|salınma|tempo|vücut|yaya|yürüme|yürüyen|yürüyen adam|yürüyüş	🚶🏻‍➡️ 🚶🏼‍➡️ 🚶🏽‍➡️ 🚶🏾‍➡️ 🚶🏿‍➡️
🚶‍♀️‍➡️	1	woman walking facing right	yürüyen kadın: sağa dönük	bayan|dolaşma|dönük|kadın|sağa|yaya|yürüme|yürüyen kadın	🚶🏻‍♀️‍➡️ 🚶🏼‍♀️‍➡️ 🚶🏽‍♀️‍➡️ 🚶🏾‍♀️‍➡️ 🚶🏿‍♀️‍➡️
🚶‍♂️‍➡️	1	man walking facing right	yürüyen erkek: sağa dönük	adam|dolaşma|dönük|erkek|sağa|yürüme|yürüyen erkek	🚶🏻‍♂️‍➡️ 🚶🏼‍♂️‍➡️ 🚶🏽‍♂️‍➡️ 🚶🏾‍♂️‍➡️ 🚶🏿‍♂️‍➡️
🧍	1	person standing	ayakta duran kişi	ayakta duran|ayakta durma	🧍🏻 🧍🏼 🧍🏽 🧍🏾 🧍🏿
🧍‍♂️	1	man standing	ayakta duran erkek	adam|ayakta duran|erkek	🧍🏻‍♂️ 🧍🏼‍♂️ 🧍🏽‍♂️ 🧍🏾‍♂️ 🧍🏿‍♂️
🧍‍♀️	1	woman standing	ayakta duran kadın	ayakta duran|kadın	🧍🏻‍♀️ 🧍🏼‍♀️ 🧍🏽‍♀️ 🧍🏾‍♀️ 🧍🏿‍♀️
🧎	1	person kneeling	diz çöken kişi	diz çöken|diz çökme|dizler	🧎🏻 🧎🏼 🧎🏽 🧎🏾 🧎🏿
🧎‍♂️	1	man kneeling	diz çöken erkek	adam|diz çöken|erkek	🧎🏻‍♂️ 🧎🏼‍♂️ 🧎🏽‍♂️ 🧎🏾‍♂️ 🧎🏿‍♂️
🧎‍♀️	1	woman kneeling	diz çöken kadın	diz çöken|kadın	🧎🏻‍♀️ 🧎🏼‍♀️ 🧎🏽‍♀️ 🧎🏾‍♀️ 🧎🏿‍♀️
🧎‍➡️	1	person kneeling facing right	diz çöken kişi: sağa dönük	diz çöken|diz çöken kişi|diz çökme|dizler|dönük|sağa	🧎🏻‍➡️ 🧎🏼‍➡️ 🧎🏽‍➡️ 🧎🏾‍➡️ 🧎🏿‍➡️
🧎‍♀️‍➡️	1	woman kneeling facing right	diz çöken kadın: sağa dönük	diz çöken|diz çöken kadın|dönük|kadın|sağa	🧎🏻‍♀️‍➡️ 🧎🏼‍♀️‍➡️ 🧎🏽‍♀️‍➡️ 🧎🏾‍♀️‍➡️ 🧎🏿‍♀️‍➡️
🧎‍♂️‍➡️	1	man kneeling facing right	diz çöken erkek: sağa dönük	adam|diz çöken|diz çöken erkek|dönük|erkek|sağa	🧎🏻‍♂️‍➡️ 🧎🏼‍♂️‍➡️ 🧎🏽‍♂️‍➡️ 🧎🏾‍♂️‍➡️ 🧎🏿‍♂️‍➡️
🧑‍🦯	1	person with white cane	görme engelli bastonlu kişi	erişilebilirlik|görme engelli|kör	🧑🏻‍🦯 🧑🏼‍🦯 🧑🏽‍🦯 🧑🏾‍🦯 🧑🏿‍🦯
🧑‍🦯‍➡️	1	person with white cane facing right	görme engelli bastonlu kişi: sağa dönük	dönük|erişilebilirlik|görme engelli|görme engelli bastonlu kişi|kör|sağa	🧑🏻‍🦯‍➡️ 🧑🏼‍🦯‍➡️ 🧑🏽‍🦯‍➡️ 🧑🏾‍🦯‍➡️ 🧑🏿‍🦯‍➡️
👨‍🦯	1	man with white cane	görme engelli bastonlu erkek	erişilebilirlik|erkek|görme engelli	👨🏻‍🦯 👨🏼‍🦯 👨🏽‍🦯 👨🏾‍🦯 👨🏿‍🦯
👨‍🦯‍➡️	1	man with white cane facing right	görme engelli bastonlu erkek: sağa dönük	dönük|erişilebilirlik|erkek|görme engelli|görme engelli bastonlu erkek|sağa	👨🏻‍🦯‍➡️ 👨🏼‍🦯‍➡️ 👨🏽‍🦯‍➡️ 👨🏾‍🦯‍➡️ 👨🏿‍🦯‍➡️
👩‍🦯	1	woman with white cane	görme engelli bastonlu kadın	erişilebilirlik|görme engelli|kadın	👩🏻‍🦯 👩🏼‍🦯 👩🏽‍🦯 👩🏾‍🦯 👩🏿‍🦯
👩‍🦯‍➡️	1	woman with white cane facing right	görme engelli bastonlu kadın: sağa dönük	dönük|erişilebilirlik|görme engelli|görme engelli bastonlu kadın|kadın|sağa	👩🏻‍🦯‍➡️ 👩🏼‍🦯‍➡️ 👩🏽‍🦯‍➡️ 👩🏾‍🦯‍➡️ 👩🏿‍🦯‍➡️
🧑‍🦼	1	person in motorized wheelchair	elektrikli tekerlekli sandalyede kişi	erişilebilirlik|tekerlekli sandalye	🧑🏻‍🦼 🧑🏼‍🦼 🧑🏽‍🦼 🧑🏾‍🦼 🧑🏿‍🦼
🧑‍🦼‍➡️	1	person in motorized wheelchair facing right	elektrikli tekerlekli sandalyede kişi: sağa dönük	dönük|elektrikli tekerlekli sandalyede kişi|erişilebilirlik|sağa|tekerlekli sandalye	🧑🏻‍🦼‍➡️ 🧑🏼‍🦼‍➡️ 🧑🏽‍🦼‍➡️ 🧑🏾‍🦼‍➡️ 🧑🏿‍🦼‍➡️
👨‍🦼	1	man in motorized wheelchair	elektrikli tekerlekli sandalyede erkek	erişilebilirlik|erkek|tekerlekli sandalye	👨🏻‍🦼 👨🏼‍🦼 👨🏽‍🦼 👨🏾‍🦼 👨🏿‍🦼
👨‍🦼‍➡️	1	man in motorized wheelchair facing right	elektrikli tekerlekli sandalyede erkek: sağa dönük	dönük|elektrikli tekerlekli sandalyede erkek|erişilebilirlik|erkek|sağa|tekerlekli sandalye	👨🏻‍🦼‍➡️ 👨🏼‍🦼‍➡️ 👨🏽‍🦼‍➡️ 👨🏾‍🦼‍➡️ 👨🏿‍🦼‍➡️
👩‍🦼	1	woman in motorized wheelchair	elektrikli tekerlekli sandalyede kadın	erişilebilirlik|kadın|tekerlekli sandalye	👩🏻‍🦼 👩🏼‍🦼 👩🏽‍🦼 👩🏾‍🦼 👩🏿‍🦼
👩‍🦼‍➡️	1	woman in motorized wheelchair facing right	elektrikli tekerlekli sandalyede kadın: sağa dönük	dönük|elektrikli tekerlekli sandalyede kadın|erişilebilirlik|kadın|sağa|tekerlekli sandalye	👩🏻‍🦼‍➡️ 👩🏼‍🦼‍➡️ 👩🏽‍🦼‍➡️ 👩🏾‍🦼‍➡️ 👩🏿‍🦼‍➡️
🧑‍🦽	1	person in manual wheelchair	tekerlekli sandalyede kişi	erişilebilirlik|tekerlekli sandalye	🧑🏻‍🦽 🧑🏼‍🦽 🧑🏽‍🦽 🧑🏾‍🦽 🧑🏿‍🦽
🧑‍🦽‍➡️	1	person in manual wheelchair facing right	tekerlekli sandalyede kişi: sağa dönük	dönük|erişilebilirlik|sağa|tekerlekli sandalye|tekerlekli sandalyede kişi	🧑🏻‍🦽‍➡️ 🧑🏼‍🦽‍➡️ 🧑🏽‍🦽‍➡️ 🧑🏾‍🦽‍➡️ 🧑🏿‍🦽‍➡️
👨‍🦽	1	man in manual wheelchair	tekerlekli sandalyede erkek	erişilebilirlik|erkek|tekerlekli sandalye	👨🏻‍🦽 👨🏼‍🦽 👨🏽‍🦽 👨🏾‍🦽 👨🏿‍🦽
👨‍🦽‍➡️	1	man in manual wheelchair facing right	tekerlekli sandalyede erkek: sağa dönük	dönük|erişilebilirlik|erkek|sağa|tekerlekli sandalye|tekerlekli sandalyede erkek	👨🏻‍🦽‍➡️ 👨🏼‍🦽‍➡️ 👨🏽‍🦽‍➡️ 👨🏾‍🦽‍➡️ 👨🏿‍🦽‍➡️
👩‍🦽	1	woman in manual wheelchair	tekerlekli sandalyede kadın	erişilebilirlik|kadın|tekerlekli sandalye	👩🏻‍🦽 👩🏼‍🦽 👩🏽‍🦽 👩🏾‍🦽 👩🏿‍🦽
👩‍🦽‍➡️	1	woman in manual wheelchair facing right	tekerlekli sandalyede kadın: sağa dönük	dönük|erişilebilirlik|kadın|sağa|tekerlekli sandalye|tekerlekli sandalyede kadın	👩🏻‍🦽‍➡️ 👩🏼‍🦽‍➡️ 👩🏽‍🦽‍➡️ 👩🏾‍🦽‍➡️ 👩🏿‍🦽‍➡️
🏃	1	person running	koşan kişi	acele|çabuk|hızlı|kişi|koşu|koşucu|maraton|spor|vücut|yarış	🏃🏻 🏃🏼 🏃🏽 🏃🏾 🏃🏿
🏃‍♂️	1	man running	koşan erkek	adam|erkek|koşma|maraton|yarış	🏃🏻‍♂️ 🏃🏼‍♂️ 🏃🏽‍♂️ 🏃🏾‍♂️ 🏃🏿‍♂️
🏃‍♀️	1	woman running	koşan kadın	bayan|kadın|koşma|maraton|yarış	🏃🏻‍♀️ 🏃🏼‍♀️ 🏃🏽‍♀️ 🏃🏾‍♀️ 🏃🏿‍♀️
🏃‍➡️	1	person running facing right	koşan kişi: sağa dönük	acele|çabuk|dönük|hızlı|kişi|koşan kişi|koşu|koşucu|maraton|sağa|spor|vücut|yarış	🏃🏻‍➡️ 🏃🏼‍➡️ 🏃🏽‍➡️ 🏃🏾‍➡️ 🏃🏿‍➡️
🏃‍♀️‍➡️	1	woman running facing right	koşan kadın: sağa dönük	bayan|dönük|kadın|koşan kadın|koşma|maraton|sağa|yarış	🏃🏻‍♀️‍➡️ 🏃🏼‍♀️‍➡️ 🏃🏽‍♀️‍➡️ 🏃🏾‍♀️‍➡️ 🏃🏿‍♀️‍➡️
🏃‍♂️‍➡️	1	man running facing right	koşan erkek: sağa dönük	adam|dönük|erkek|koşan erkek|koşma|maraton|sağa|yarış	🏃🏻‍♂️‍➡️ 🏃🏼‍♂️‍➡️ 🏃🏽‍♂️‍➡️ 🏃🏾‍♂️‍➡️ 🏃🏿‍♂️‍➡️
🧑‍🩰	1	ballet dancer	bale dansçısı	bale|dansçı	🧑🏻‍🩰 🧑🏼‍🩰 🧑🏽‍🩰 🧑🏾‍🩰 🧑🏿‍🩰
💃	1	woman dancing	dans eden kadın	dans|dansçı|festival|kadın dansçı|kişiler|meslek|tango	💃🏻 💃🏼 💃🏽 💃🏾 💃🏿
🕺	1	man dancing	dans eden adam	adam|dans|meslek	🕺🏻 🕺🏼 🕺🏽 🕺🏾 🕺🏿
🕴️	1	person in suit levitating	havalanan takım elbiseli adam	erkek|iş|işadamı|takım elbise|yukarıda süzülen takım elbiseli iş adamı	🕴🏻 🕴🏼 🕴🏽 🕴🏾 🕴🏿
👯	1	people with bunny ears	tavşan kulaklı kişiler	aynısı|dans|dansçı|ikiz|kadın|parti|ruh ikizi|tavşan kulak|tavşan kulaklar|vücut	👯🏻 👯🏼 👯🏽 👯🏾 👯🏿
👯‍♂️	1	men with bunny ears	tavşan kulaklı erkekler	adam|dans eden erkekler|dansçı|erkek|partiye katılan erkek|partiye katılma|tavşan kulak|tavşan kulaklı erkek	👯🏻‍♂️ 👯🏼‍♂️ 👯🏽‍♂️ 👯🏾‍♂️ 👯🏿‍♂️
👯‍♀️	1	women with bunny ears	tavşan kulaklı kadınlar	bayan|dansçı|kadın|partiye katılma|tavşan kulak|tavşan kulaklı kadın	👯🏻‍♀️ 👯🏼‍♀️ 👯🏽‍♀️ 👯🏾‍♀️ 👯🏿‍♀️
🧖	1	person in steamy room	buhar odasındaki kişi	buhar banyosu|buhar odası|hamam|rahatlamak|sauna	🧖🏻 🧖🏼 🧖🏽 🧖🏾 🧖🏿
🧖‍♂️	1	man in steamy room	buhar odasındaki erkek	buhar odası|sauna	🧖🏻‍♂️ 🧖🏼‍♂️ 🧖🏽‍♂️ 🧖🏾‍♂️ 🧖🏿‍♂️
🧖‍♀️	1	woman in steamy room	buhar odasındaki kadın	buhar odası|sauna	🧖🏻‍♀️ 🧖🏼‍♀️ 🧖🏽‍♀️ 🧖🏾‍♀️ 🧖🏿‍♀️
🧗	1	person climbing	dağcı kişi	dağ|kaya|kaya tırmanışı|tırmanıcı|tırmanmak	🧗🏻 🧗🏼 🧗🏽 🧗🏾 🧗🏿
🧗‍♂️	1	man climbing	dağcı erkek		🧗🏻‍♂️ 🧗🏼‍♂️ 🧗🏽‍♂️ 🧗🏾‍♂️ 🧗🏿‍♂️
🧗‍♀️	1	woman climbing	dağcı kadın		🧗🏻‍♀️ 🧗🏼‍♀️ 🧗🏽‍♀️ 🧗🏾‍♀️ 🧗🏿‍♀️
🤺	1	person fencing	eskrimci	birey|eskrim|kılıç|spor	
🏇	1	horse racing	at yarışı	at|jokey|spor|yarış|yarış atı	🏇🏻 🏇🏼 🏇🏽 🏇🏾 🏇🏿
⛷️	1	skier	kayakçı	kar|kayak	
🏂	1	snowboarder	snowbordçu	kar kayağı yapan|snowboard|snowboard yapmak|spor	🏂🏻 🏂🏼 🏂🏽 🏂🏾 🏂🏿
🏌️	1	person golfing	golf oynayan kişi	golf|golf sahası|golf sopası|golfçü|kişi|top|vücut|vuruş	🏌🏻 🏌🏼 🏌🏽 🏌🏾 🏌🏿
🏌️‍♂️	1	man golfing	golf oynayan erkek	adam|erkek|golf	🏌🏻‍♂️ 🏌🏼‍♂️ 🏌🏽‍♂️ 🏌🏾‍♂️ 🏌🏿‍♂️
🏌️‍♀️	1	woman golfing	golf oynayan kadın	bayan|gol oynayan kadın|golf|kadın	🏌🏻‍♀️ 🏌🏼‍♀️ 🏌🏽‍♀️ 🏌🏾‍♀️ 🏌🏿‍♀️
🏄	1	person surfing	sörf yapan kişi	dalga|dalga sörfü|erkek sörfçü|kişi|okyanus|plaj|sahil|sörfçü|spor|vücut	🏄🏻 🏄🏼 🏄🏽 🏄🏾 🏄🏿
🏄‍♂️	1	man surfing	sörf yapan erkek	adam|erkek|sörf	🏄🏻‍♂️ 🏄🏼‍♂️ 🏄🏽‍♂️ 🏄🏾‍♂️ 🏄🏿‍♂️
🏄‍♀️	1	woman surfing	sörf yapan kadın	bayan|kadın|sörf	🏄🏻‍♀️ 🏄🏼‍♀️ 🏄🏽‍♀️ 🏄🏾‍♀️ 🏄🏿‍♀️
🚣	1	person rowing boat	sandalda kürek çeken kişi	göl|ırmak|kano|kayık|kürek|kürek çeken erkek|nehir|sandal|taşıt|tekne	🚣🏻 🚣🏼 🚣🏽 🚣🏾 🚣🏿
🚣‍♂️	1	man rowing boat	sandalda kürek çeken erkek	adam|erkek|kayık|sandal	🚣🏻‍♂️ 🚣🏼‍♂️ 🚣🏽‍♂️ 🚣🏾‍♂️ 🚣🏿‍♂️
🚣‍♀️	1	woman rowing boat	sandalda kürek çeken kadın	bayan|kadın|kayık|sandal	🚣🏻‍♀️ 🚣🏼‍♀️ 🚣🏽‍♀️ 🚣🏾‍♀️ 🚣🏿‍♀️
🏊	1	person swimming	yüzen kişi	antrenman|hareket|havuz|kişi|serbest stil|spor|triatlon|vücut|yüzme|yüzücü	🏊🏻 🏊🏼 🏊🏽 🏊🏾 🏊🏿
🏊‍♂️	1	man swimming	yüzen erkek	adam|erkek|yüzme	🏊🏻‍♂️ 🏊🏼‍♂️ 🏊🏽‍♂️ 🏊🏾‍♂️ 🏊🏿‍♂️
🏊‍♀️	1	woman swimming	yüzen kadın	bayan|kadın|yüzme	🏊🏻‍♀️ 🏊🏼‍♀️ 🏊🏽‍♀️ 🏊🏾‍♀️ 🏊🏿‍♀️
⛹️	1	person bouncing ball	top sektiren kişi	atletik|basketbol|basketbolcu|kişi|spor|sporcu|top|top sürme|vücut	⛹🏻 ⛹🏼 ⛹🏽 ⛹🏾 ⛹🏿
⛹️‍♂️	1	man bouncing ball	top sektiren erkek	adam|erkek|top	⛹🏻‍♂️ ⛹🏼‍♂️ ⛹🏽‍♂️ ⛹🏾‍♂️ ⛹🏿‍♂️
⛹️‍♀️	1	woman bouncing ball	top sektiren kadın	basketbol|basketbolcu|bayan|kadın|top	⛹🏻‍♀️ ⛹🏼‍♀️ ⛹🏽‍♀️ ⛹🏾‍♀️ ⛹🏿‍♀️
🏋️	1	person lifting weights	ağırlık kaldıran kişi	ağırlık|ağırlık kaldırma|antrenman|erkek halterci|halter|halterci|kişi|vücut	🏋🏻 🏋🏼 🏋🏽 🏋🏾 🏋🏿
🏋️‍♂️	1	man lifting weights	ağırlık kaldıran erkek	adam|ağırlık kaldıran|erkek	🏋🏻‍♂️ 🏋🏼‍♂️ 🏋🏽‍♂️ 🏋🏾‍♂️ 🏋🏿‍♂️
🏋️‍♀️	1	woman lifting weights	ağırlık kaldıran kadın	ağırlık kaldıran|bayan|halter|kadın	🏋🏻‍♀️ 🏋🏼‍♀️ 🏋🏽‍♀️ 🏋🏾‍♀️ 🏋🏿‍♀️
🚴	1	person biking	bisiklet süren kişi	antrenman|bisiklet|bisiklet sürücüsü|bisikletçi|hareket|kişi|spor|vücut	🚴🏻 🚴🏼 🚴🏽 🚴🏾 🚴🏿
🚴‍♂️	1	man biking	bisiklet süren erkek	adam|bisiklet|bisiklet sürme|bisikletçi|erkek	🚴🏻‍♂️ 🚴🏼‍♂️ 🚴🏽‍♂️ 🚴🏾‍♂️ 🚴🏿‍♂️
🚴‍♀️	1	woman biking	bisiklet süren kadın	bayan|bisiklet|bisiklet sürme|bisikletçi|kadın	🚴🏻‍♀️ 🚴🏼‍♀️ 🚴🏽‍♀️ 🚴🏾‍♀️ 🚴🏿‍♀️
🚵	1	person mountain biking	dağ bisikletçisi	antrenman|atletik|bisiklet|bisikletçi|dağ|kişi|spor|sürüş|vücut	🚵🏻 🚵🏼 🚵🏽 🚵🏾 🚵🏿
🚵‍♂️	1	man mountain biking	dağ bisikleti süren erkek	adam|bisiklet|bisiklet sürme|bisikletçi|dağ|erkek	🚵🏻‍♂️ 🚵🏼‍♂️ 🚵🏽‍♂️ 🚵🏾‍♂️ 🚵🏿‍♂️
🚵‍♀️	1	woman mountain biking	dağ bisikleti süren kadın	bayan|bisiklet|bisiklet sürme|bisikletçi|dağ|kadın	🚵🏻‍♀️ 🚵🏼‍♀️ 🚵🏽‍♀️ 🚵🏾‍♀️ 🚵🏿‍♀️
🤸	1	person cartwheeling	perende atan kişi	aktif|birey|jimnastik|spor|yanlamasına takla	🤸🏻 🤸🏼 🤸🏽 🤸🏾 🤸🏿
🤸‍♂️	1	man cartwheeling	perende atan erkek	adam|çember hareketi|erkek|jimnastik|kişi|spor	🤸🏻‍♂️ 🤸🏼‍♂️ 🤸🏽‍♂️ 🤸🏾‍♂️ 🤸🏿‍♂️
🤸‍♀️	1	woman cartwheeling	perende atan kadın	aktif|bayan|çember hareketi|heyecanlı|jimnastik|kadın|kişi|mutlu|neşe|oyun|perende|sevinç|spor	🤸🏻‍♀️ 🤸🏼‍♀️ 🤸🏽‍♀️ 🤸🏾‍♀️ 🤸🏿‍♀️
🤼	1	people wrestling	güreşen kişiler	birey|dövüş|düello|güreş|güreş minderi|güreşçi|güreşçilik|kişi|spor|vücut	🤼🏻 🤼🏼 🤼🏽 🤼🏾 🤼🏿
🤼‍♂️	1	men wrestling	güreş yapan erkek	adam|antrenman|dövüş|düello|er meydanı|erkek|güreş|kişi|kırkpınar|spor	🤼🏻‍♂️ 🤼🏼‍♂️ 🤼🏽‍♂️ 🤼🏾‍♂️ 🤼🏿‍♂️
🤼‍♀️	1	women wrestling	güreş yapan kadın	bayan|dövüş|er meydanı|güreş|güreş turnuvası|güreşçi|kadın|kişi|kırkpınar|spor|vücut	🤼🏻‍♀️ 🤼🏼‍♀️ 🤼🏽‍♀️ 🤼🏾‍♀️ 🤼🏿‍♀️
🤽	1	person playing water polo	su topu	antrenman|birey|havuz|kişi|spor|su|su sporları|top|vücut|yüzme	🤽🏻 🤽🏼 🤽🏽 🤽🏾 🤽🏿
🤽‍♂️	1	man playing water polo	su topu oynayan erkek	adam|antrenman|erkek|havuz|kişi|spor|su sporu|su topu|top|vücut	🤽🏻‍♂️ 🤽🏼‍♂️ 🤽🏽‍♂️ 🤽🏾‍♂️ 🤽🏿‍♂️
🤽‍♀️	1	woman playing water polo	su topu oynayan kadın	antrenman|bayan|havuz|kadın|kişi|spor|su sporları|su topu|vücut|yüzme	🤽🏻‍♀️ 🤽🏼‍♀️ 🤽🏽‍♀️ 🤽🏾‍♀️ 🤽🏿‍♀️
🤾	1	person playing handball	hentbol	atış|atletik|birey|el|kişi|spor|top|vücut	🤾🏻 🤾🏼 🤾🏽 🤾🏾 🤾🏿
🤾‍♂️	1	man playing handball	hentbol oynayan erkek	adam|erkek|hentbol|spor	🤾🏻‍♂️ 🤾🏼‍♂️ 🤾🏽‍♂️ 🤾🏾‍♂️ 🤾🏿‍♂️
🤾‍♀️	1	woman playing handball	hentbol oynayan kadın	antrenman|atış|atletik|bayan|hentbol|kadın|kişi|spor|top|vücut	🤾🏻‍♀️ 🤾🏼‍♀️ 🤾🏽‍♀️ 🤾🏾‍♀️ 🤾🏿‍♀️
🤹	1	person juggling	jonglör	aynı anda birçok iş yapma|denge|el becerisi|hokkabaz|hokkabazlık|jonglörlük|kişi|top çeviren erkek|top çevirme|vücut|yetenek	🤹🏻 🤹🏼 🤹🏽 🤹🏾 🤹🏿
🤹‍♂️	1	man juggling	jonglör erkek	adam|aynı anda birçok iş|denge|erkek|hokkabaz|hokkabazlık|jonglör|top çevirme|vücut	🤹🏻‍♂️ 🤹🏼‍♂️ 🤹🏽‍♂️ 🤹🏾‍♂️ 🤹🏿‍♂️
🤹‍♀️	1	woman juggling	jonglör kadın	aynı anda birçok iş|bayan|hokkabazlık|hokkabazlık yapan kadın|kadın	🤹🏻‍♀️ 🤹🏼‍♀️ 🤹🏽‍♀️ 🤹🏾‍♀️ 🤹🏿‍♀️
🧘	1	person in lotus position	lotus pozisyonundaki kişi	bağdaş kurmak|lotus pozisyonu|meditasyon|rahatlamak|yoga	🧘🏻 🧘🏼 🧘🏽 🧘🏾 🧘🏿
🧘‍♂️	1	man in lotus position	lotus pozisyonundaki erkek	meditasyon|yoga	🧘🏻‍♂️ 🧘🏼‍♂️ 🧘🏽‍♂️ 🧘🏾‍♂️ 🧘🏿‍♂️
🧘‍♀️	1	woman in lotus position	lotus pozisyonundaki kadın	meditasyon|yoga	🧘🏻‍♀️ 🧘🏼‍♀️ 🧘🏽‍♀️ 🧘🏾‍♀️ 🧘🏿‍♀️
🛀	1	person taking bath	banyo yapan kişi	banyo|küvet	🛀🏻 🛀🏼 🛀🏽 🛀🏾 🛀🏿
🛌	1	person in bed	yatakta yatan kişi	gece|insan|iyi geceler|iyi uykular|kestirme|otel|uyku|uyku saati|uyumak|yatan insan|yatmak|zzz	🛌🏻 🛌🏼 🛌🏽 🛌🏾 🛌🏿
🧑‍🤝‍🧑	1	people holding hands	el ele tutuşan insanlar	çift|el|el ele|kişi|tutmak|tutuşan eller	🧑🏻‍🤝‍🧑🏻 🧑🏼‍🤝‍🧑🏼 🧑🏽‍🤝‍🧑🏽 🧑🏾‍🤝‍🧑🏾 🧑🏿‍🤝‍🧑🏿
👭	1	women holding hands	el ele tutuşan kadınlar	arkadaş|çift|dost|el|el ele tutuşan|el ele tutuşan iki kadın|kadın|kadınlar|kanki|kişiler|kızkardeşler	👭🏻 👭🏼 👭🏽 👭🏾 👭🏿
👫	1	woman and man holding hands	el ele tutuşan erkek ve kadın	çift|el ele tutuşan|el ele tutuşan kız ve erkek|erkek|kadın|kişiler|sevgili	👫🏻 👫🏼 👫🏽 👫🏾 👫🏿
👬	1	men holding hands	el ele tutuşan erkekler	çift|el ele tutuşan|el ele tutuşan iki erkek|erkek|ikizler|kişiler	👬🏻 👬🏼 👬🏽 👬🏾 👬🏿
💏	1	kiss	öpücük	aşk|kişiler|öpüşme|romantizm|seni seviyorum|yıldönümü	💏🏻 💏🏼 💏🏽 💏🏾 💏🏿
👩‍❤️‍💋‍👨	1	kiss: woman, man	öpücük: kadın erkek	aşk|erkek|kadın|kişiler|öpücük|öpüşme|romantizm|seni seviyorum|yıldönümü	👩🏻‍❤️‍💋‍👨🏻 👩🏼‍❤️‍💋‍👨🏼 👩🏽‍❤️‍💋‍👨🏽 👩🏾‍❤️‍💋‍👨🏾 👩🏿‍❤️‍💋‍👨🏿
👨‍❤️‍💋‍👨	1	kiss: man, man	öpücük: erkek erkek	aşk|erkek|kişiler|öpücük|öpüşme|romantizm|seni seviyorum|yıldönümü	👨🏻‍❤️‍💋‍👨🏻 👨🏼‍❤️‍💋‍👨🏼 👨🏽‍❤️‍💋‍👨🏽 👨🏾‍❤️‍💋‍👨🏾 👨🏿‍❤️‍💋‍👨🏿
👩‍❤️‍💋‍👩	1	kiss: woman, woman	öpücük: kadın kadın	aşk|kadın|kişiler|öpücük|öpüşme|romantizm|seni seviyorum|yıldönümü	👩🏻‍❤️‍💋‍👩🏻 👩🏼‍❤️‍💋‍👩🏼 👩🏽‍❤️‍💋‍👩🏽 👩🏾‍❤️‍💋‍👩🏾 👩🏿‍❤️‍💋‍👩🏿
💑	1	couple with heart	kalpli çift	aşk|kadın erkek|kalp|kişiler|romantizm	💑🏻 💑🏼 💑🏽 💑🏾 💑🏿
👩‍❤️‍👨	1	couple with heart: woman, man	kalpli çift: kadın erkek	aşk|erkek|kadın|kalp|kalpli çift|kişiler|romantizm	👩🏻‍❤️‍👨🏻 👩🏼‍❤️‍👨🏼 👩🏽‍❤️‍👨🏽 👩🏾‍❤️‍👨🏾 👩🏿‍❤️‍👨🏿
👨‍❤️‍👨	1	couple with heart: man, man	kalpli çift: erkek erkek	aşk|erkek|kadın erkek|kalp|kalpli çift|kişiler|romantizm	👨🏻‍❤️‍👨🏻 👨🏼‍❤️‍👨🏼 👨🏽‍❤️‍👨🏽 👨🏾‍❤️‍👨🏾 👨🏿‍❤️‍👨🏿
👩‍❤️‍👩	1	couple with heart: woman, woman	kalpli çift: kadın kadın	aşk|kadın|kadın erkek|kalp|kalpli çift|kişiler|romantizm	👩🏻‍❤️‍👩🏻 👩🏼‍❤️‍👩🏼 👩🏽‍❤️‍👩🏽 👩🏾‍❤️‍👩🏾 👩🏿‍❤️‍👩🏿
👨‍👩‍👦	1	family: man, woman, boy	aile: erkek kadın erkek çocuk	aile|anne|baba|bir erkek bir kadın bir erkek çocuk|çocuk|erkek|kadın|kişiler	
👨‍👩‍👧	1	family: man, woman, girl	aile: erkek kadın kız çocuk	aile|anne|baba|bir erkek bir kadın bir erkek çocuk|çocuk|erkek|kadın|kişiler|kız çocuk	
👨‍👩‍👧‍👦	1	family: man, woman, girl, boy	aile: erkek kadın kız çocuk erkek çocuk	aile|anne|baba|bir erkek bir kadın bir erkek çocuk|çocuk|erkek|kadın|kişiler|kız çocuk	
👨‍👩‍👦‍👦	1	family: man, woman, boy, boy	aile: erkek kadın erkek çocuk erkek çocuk	aile|anne|baba|bir erkek bir kadın bir erkek çocuk|çocuk|erkek|kadın|kişiler	
👨‍👩‍👧‍👧	1	family: man, woman, girl, girl	aile: erkek kadın kız çocuk kız çocuk	aile|anne|baba|bir erkek bir kadın bir erkek çocuk|çocuk|erkek|kadın|kişiler|kız çocuk	
👨‍👨‍👦	1	family: man, man, boy	aile: erkek erkek erkek çocuk	aile|anne|baba|bir erkek bir kadın bir erkek çocuk|çocuk|erkek|kişiler	
👨‍👨‍👧	1	family: man, man, girl	aile: erkek erkek kız çocuk	aile|anne|baba|bir erkek bir kadın bir erkek çocuk|çocuk|erkek|kişiler|kız çocuk	
👨‍👨‍👧‍👦	1	family: man, man, girl, boy	aile: erkek erkek kız çocuk erkek çocuk	aile|anne|baba|bir erkek bir kadın bir erkek çocuk|çocuk|erkek|kişiler|kız çocuk	
👨‍👨‍👦‍👦	1	family: man, man, boy, boy	aile: erkek erkek erkek çocuk erkek çocuk	aile|anne|baba|bir erkek bir kadın bir erkek çocuk|çocuk|erkek|kişiler	
👨‍👨‍👧‍👧	1	family: man, man, girl, girl	aile: erkek erkek kız çocuk kız çocuk	aile|anne|baba|bir erkek bir kadın bir erkek çocuk|çocuk|erkek|kişiler|kız çocuk	
👩‍👩‍👦	1	family: woman, woman, boy	aile: kadın kadın erkek çocuk	aile|anne|baba|bir erkek bir kadın bir erkek çocuk|çocuk|erkek çocuk|kadın|kişiler	
👩‍👩‍👧	1	family: woman, woman, girl	aile: kadın kadın kız çocuk	aile|anne|baba|bir erkek bir kadın bir erkek çocuk|çocuk|erkek çocuk|kadın|kişiler|kız çocuk	
👩‍👩‍👧‍👦	1	family: woman, woman, girl, boy	aile: kadın kadın kız çocuk erkek çocuk	aile|anne|baba|bir erkek bir kadın bir erkek çocuk|çocuk|erkek çocuk|kadın|kişiler|kız çocuk	
👩‍👩‍👦‍👦	1	family: woman, woman, boy, boy	aile: kadın kadın erkek çocuk erkek çocuk	aile|anne|baba|bir erkek bir kadın bir erkek çocuk|çocuk|erkek çocuk|kadın|kişiler	
👩‍👩‍👧‍👧	1	family: woman, woman, girl, girl	aile: kadın kadın kız çocuk kız çocuk	aile|anne|baba|bir erkek bir kadın bir erkek çocuk|çocuk|erkek çocuk|kadın|kişiler|kız çocuk	
👨‍👦	1	family: man, boy	aile: erkek erkek çocuk	aile|anne|baba|bir erkek bir kadın bir erkek çocuk|çocuk|erkek|kişiler	
👨‍👦‍👦	1	family: man, boy, boy	aile: erkek erkek çocuk erkek çocuk	aile|anne|baba|bir erkek bir kadın bir erkek çocuk|çocuk|erkek|kişiler	
👨‍👧	1	family: man, girl	aile: erkek kız çocuk	aile|anne|baba|bir erkek bir kadın bir erkek çocuk|çocuk|erkek|kişiler|kız çocuk	
👨‍👧‍👦	1	family: man, girl, boy	aile: erkek kız çocuk erkek çocuk	aile|anne|baba|bir erkek bir kadın bir erkek çocuk|çocuk|erkek|kişiler|kız çocuk	
👨‍👧‍👧	1	family: man, girl, girl	aile: erkek kız çocuk kız çocuk	aile|anne|baba|bir erkek bir kadın bir erkek çocuk|çocuk|erkek|kişiler|kız çocuk	
👩‍👦	1	family: woman, boy	aile: kadın erkek çocuk	aile|anne|baba|bir erkek bir kadın bir erkek çocuk|çocuk|erkek çocuk|kadın|kişiler	
👩‍👦‍👦	1	family: woman, boy, boy	aile: kadın erkek çocuk erkek çocuk	aile|anne|baba|bir erkek bir kadın bir erkek çocuk|çocuk|erkek çocuk|kadın|kişiler	
👩‍👧	1	family: woman, girl	aile: kadın kız çocuk	aile|anne|baba|bir erkek bir kadın bir erkek çocuk|çocuk|erkek çocuk|kadın|kişiler|kız çocuk	
👩‍👧‍👦	1	family: woman, girl, boy	aile: kadın kız çocuk erkek çocuk	aile|anne|baba|bir erkek bir kadın bir erkek çocuk|çocuk|erkek çocuk|kadın|kişiler|kız çocuk	
👩‍👧‍👧	1	family: woman, girl, girl	aile: kadın kız çocuk kız çocuk	aile|anne|baba|bir erkek bir kadın bir erkek çocuk|çocuk|erkek çocuk|kadın|kişiler|kız çocuk	
🗣️	1	speaking head	konuşan kişi	bağırma|kafa|konuşma|profil|siluet|yüz	
👤	1	bust in silhouette	siluet büst	büst|kişiler|siluet	
👥	1	busts in silhouette	siluet büstler	büst|kişiler|siluet	
🫂	1	people hugging	kucaklaşan insanlar	aşk|elveda|güle güle|hoşçakal|hoşçakalın|insan|kucaklaşma|merhaba|sağol|sağolun|sarılma|selam|sevgi|teşekkür|teşekkürler|teselli|veda	
👪	1	family	aile	anne|baba|bir erkek bir kadın bir erkek çocuk|çocuk|erkek çocuk|kişiler	
🧑‍🧑‍🧒	1	family: adult, adult, child	aile: yetişkin, yetişkin, çocuk	aile|çocuk|yetişkin	
🧑‍🧑‍🧒‍🧒	1	family: adult, adult, child, child	aile: yetişkin, yetişkin, çocuk, çocuk	aile|çocuk|yetişkin	
🧑‍🧒	1	family: adult, child	aile: yetişkin, çocuk	aile|çocuk|yetişkin	
🧑‍🧒‍🧒	1	family: adult, child, child	aile: yetişkin, çocuk, çocuk	aile|çocuk|yetişkin	
👣	1	footprints	ayak izi	ayak|gövde|iz	
🫆	1	fingerprint	parmak izi	adli tıp|güvenlik|kimlik	
🐵	2	monkey face	maymun yüzü	hayvan|komik|maymun|meraklı maymun|muz|neşeli|yüz	
🐒	2	monkey	maymun	hayvan|muz|orman	
🦍	2	gorilla	goril	hayvan	
🦧	2	orangutan	orangutan	hayvan|maymun	
🐶	2	dog face	köpek yüzü	hayvan|köpek|yüz	
🐕	2	dog	köpek	hav hav|hayvan|kuçu kuçu|süs köpeği	
🦮	2	guide dog	rehber köpek	erişilebilirlik|görme engelli|rehber	
🐕‍🦺	2	service dog	yardımcı köpek	erişilebilirlik|köpek|rehber köpek|rehberlik|yardım	
🐩	2	poodle	kaniş	hayvan|köpek	
🐺	2	wolf	kurt	hayvan|kurt yüzü|orman|yüz	
🦊	2	fox	tilki	akıllı|hayvan|kurnaz|tilki yüzü|yüz	
🦝	2	raccoon	rakun	gri|hayvan|meraklı|sinsi	
🐱	2	cat face	kedi yüzü	ev hayvanı|hayvan|kedi|miyav|mındık|mırnav|pisi pisi|şirin|yüz	
🐈	2	cat	kedi	hayvan|pisi pisi|sarman	
🐈‍⬛	2	black cat	kara kedi	cadılar bayramı|halloween|hayvan|kara|kedi|miyav|uğursuz	
🦁	2	lion	aslan	aslan yüzü|burç|hayvan|ormanların kralı|yüz	
🐯	2	tiger face	kaplan yüzü	büyük kedi|etobur|hayvan|kaplan|kedigiller|vahşi|yüz	
🐅	2	tiger	kaplan	büyük kedi|etobur|hayvanat bahçesi|kedigiller|vahşi	
🐆	2	leopard	leopar	büyük kedi|hayvan|hayvanat bahçesi|kedigiller|vahşi	
🐴	2	horse face	at yüzü	at|hayvan|yüz	
🫎	2	moose	sığın	boynuz|boynuzlar|elk|geyik|geyik boynuzları|hayvan|memeli|mus	
🫏	2	donkey	eşek	hayvan|inatçı|katır|memeli|merkep|sıpa	
🐎	2	horse	at	hayvan|yarış|yarış atı	
🦄	2	unicorn	tek boynuzlu at	hayal|hayvan|sihirli|tek boynuz|unicorn|yüz	
🦓	2	zebra	zebra	çizgili|hayvan|hızlı|şeritli	
🦌	2	deer	geyik	boynuz|hayvan|orman|ren geyiği	
🦬	2	bison	bizon	boynuz|bufalo|hayvan|sürü	
🐮	2	cow face	inek yüzü	hayvan|inek|yüz	
🐂	2	ox	öküz	boğa|boğa burcu|burçlar|çiftlik|hayvan	
🐃	2	water buffalo	manda	buffalo|hayvan|su	
🐄	2	cow	inek	büyükbaş hayvan|çiftlik|siyah beyaz|süt	
🐷	2	pig face	domuz yüzü	domuz|hayvan|yüz	
🐖	2	pig	domuz	çiftlik|dişi domuz|pembe domuz|şişko	
🐗	2	boar	yaban domuzu	domuz|hayvan|inatçı	
🐽	2	pig nose	domuz burnu	burun|domuz|hayvan|yüz	
🐏	2	ram	koç	burç|hayvan|koç burcu|orman	
🐑	2	ewe	koyun	çiftlik|dişi koyun|küçük baş hayvan|yün	
🐐	2	goat	keçi	burçlar|çiftlik|hayvan|koç|oğlak|oğlak burcu|oğlak burcu burçlar|peynir|süt	
🐪	2	camel	deve	hayvan|hecin devesi|hörgüç	
🐫	2	two-hump camel	iki hörgüçlü deve	çöl|deve|hayvan|hörgüç|kinci|sahara	
🦙	2	llama	lama	alpaka|beyaz|guanako|hayvan|sevimli|tatlı|vikunya|yün	
🦒	2	giraffe	zürafa	hayvan|noktalar|puanlar|uzun	
🐘	2	elephant	fil	hayvan|safari	
🦣	2	mammoth	mamut	büyük|diş|fil dişi|hayvan|nesli tükenen|soyu tükenen|yünlü mamut	
🦏	2	rhinoceros	gergedan	afrika|hayvan|safari	
🦛	2	hippopotamus	hipopotam	çamur|hayvan|hipo|mor hayvan|sevimli|su aygırı	
🐭	2	mouse face	fare yüzü	fare|hayvan|sıçan|yüz	
🐁	2	mouse	fare	beyaz fare|fil|hayvan|kemirgen	
🐀	2	rat	sıçan	hayvan|kemirgen|lağım faresi	
🐹	2	hamster	hamster	evcil hayvan|hamster yüzü|hayvan|kemirgen|yüz	
🐰	2	rabbit face	tavşan yüzü	havuç|hayvan|kemirgen|tavşan|yüz	
🐇	2	rabbit	tavşan	diş|havuç|hayvan|kemirgen|pamuk|şirin|zıp zıp	
🐿️	2	chipmunk	sincap	fındık	
🦫	2	beaver	kunduz	baraj|diş|hayvan|kemirgen|kemirmek|kuyruk	
🦔	2	hedgehog	kirpi	diken|dikenli|hayvan|şirin	
🦇	2	bat	yarasa	drakula|hayvan|kan emen|kanatlı|kuş|mağara|siyah|vampir	
🐻	2	bear	ayı	ayı yüzü|hayvan|orman|yüz	
🐻‍❄️	2	polar bear	kutup ayısı	arktik|ayı|beyaz	
🐨	2	koala	koala	hayvan|koala ayısı	
🐼	2	panda	panda	bambu|hayvan|panda yüzü|tembel|yüz	
🦥	2	sloth	tembel hayvan	tembel|yavaş	
🦦	2	otter	su samuru	balık avlayan|oyuncu	
🦨	2	skunk	kokarca	kokan	
🦘	2	kangaroo	kanguru	avustralya|Avustralya|hayvan|kese|keseli|kulak|memeli|otçul|sıçrama|yavru|zıplamak	
🦡	2	badger	porsuk	bal porsuğu|bela|hayvan|sevimli	
🐾	2	paw prints	pençe izi	hayvan|iz|pati izi	
🦃	2	turkey	hindi	hayvan|kuş|şükran günü	
🐔	2	chicken	tavuk	hayvan|kuş	
🐓	2	rooster	horoz	hayvan|kuş	
🐣	2	hatching chick	yumurtadan çıkan civciv	civciv|hayvan|kuluçka|kuluçka tavuğu|piliç|tavuk|yavru	
🐤	2	baby chick	civciv	civciv başı|hayvan|piliç|tavuk|yavru	
🐥	2	front-facing baby chick	önden civciv	civciv|hayvan|piliç|sarı civciv|şirin|tavuk|yavru|yüzü dönük civciv	
🐦	2	bird	kuş	hayvan	
🐧	2	penguin	penguen	antartika|buz|hayvan|soğuk	
🕊️	2	dove	güvercin	barış|beyaz güvercin|kuş|uçma	
🦅	2	eagle	kartal	amerika|beşiktaş|beyaz başlı kartal|hayvan|kara kartal|kuş	
🦆	2	duck	ördek	hayvan|kuş|suna	
🦢	2	swan	kuğu	beyaz|çirkin ördek|çirkin ördek yavrusu|gaga|göl|hayvan|kuğu yavrusu|kuş|ördek	
🦉	2	owl	baykuş	bilge|hayvan|kuş	
🦤	2	dodo	dodo kuşu	büyük|dodo|hayvan|kuş|Mauritius|nesli tükenmiş|soyu tükenmiş	
🪶	2	feather	kuş tüyü	gıdıklamak|hafif|hayvan|kuş|tüy|tüylü|uçma	
🦩	2	flamingo	flamingo	gösterişli|tropikal	
🦚	2	peacock	tavus kuşu	dişi tavus kuşu|gösterişli|gururlu|hayvan|kuş|mavi kuş|renkli|tavuskuşu|züppe	
🦜	2	parrot	papağan	hayvan|kırmızı kuş|kırmızı papağan|konuşma|korsan|kuş|renkli kuş	
🪽	2	wing	kanat	cennet|havacılık|kuş|kutsal|melek|melek gibi|mitoloji|semavi|uçma|uçuş	
🐦‍⬛	2	black bird	siyah kuş	gaga|gak|hayvan|hilebaz|kara|karga|kargagil|kuş|kuzgun|siyah	
🪿	2	goose	kaz	hayvan|kaz sesi|kümes|kümes hayvanı|kuş|ördek|paytak|şapşal|vak	
🐦‍🔥	2	phoenix	Anka	ateş kuşu|dönüşüm|fantezi|hayvan|küllerinden doğmak|ölümsüz|reenkarnasyon|yeniden doğuş|yenilenme|zafer	
🐸	2	frog	kurbağa	hayvan|kurbağa yüzü|vırak|yüz|zıp zıp	
🐊	2	crocodile	timsah	hayvan	
🐢	2	turtle	kaplumbağa	hayvan	
🦎	2	lizard	kertenkele	hayvan|sürüngen	
🐍	2	snake	yılan	hayvan	
🐲	2	dragon face	ejderha yüzü	ejderha|hayvan|masal|yüz	
🐉	2	dragon	ejderha	çin|efsane|hayvan|masal	
🦕	2	sauropod	soropod	brachiosaurus|brontosaurus|brontozor|dinazor|diplodocus|hayvan|korkunç	
🦖	2	T-Rex	T-Rex	dinazor|hayvan|korkunç|Tyrannosaurus Rex	
🐳	2	spouting whale	su püskürten balina	balina|deniz|hayvan|mavi balina|okyanus|su püskürten	
🐋	2	whale	balina	hayvan|okyanus	
🐬	2	dolphin	yunus	balık|deniz|hayvan|mavi yunus|okyanus	
🫍	2	orca	orka	balina|deniz|okyanus	
🦭	2	seal	fok	ayı balığı|balık|bıyıklı|deniz|deniz aslanı|denizaslanı|fok balığı|hayvan|okyanus	
🐟	2	fish	balık	burç|deniz|hayvan|mavi balık	
🐠	2	tropical fish	tropikal balık	balık|hayvan|okyanus	
🐡	2	blowfish	balon balığı	balık|hayvan	
🦈	2	shark	köpek balığı	balık|deniz|hayvan|jaws|okyanus	
🐙	2	octopus	ahtapot	hayvan|okyanus	
🐚	2	spiral shell	deniz kabuğu	deniz|deniz sesi|hayvan|midye|okyanus|spiral deniz kabuğu	
🪸	2	coral	mercan	canlı|dalış|deniz|doğa|hayvan|iklim değişikliği|okyanus|resif|su altı	
🪼	2	jellyfish	denizanası	ahh|akvaryum|çarpma|deniz|dokunaç|hayvan|iğne|medüz|okyanus|omurgasız|plankton|sokma|yanma	
🦀	2	crab	yengeç	burç|deniz|ıstakoz	
🦞	2	lobster	ıstakoz	bisque|deniz ürünü|hayvan|kabuklu|kırmızı|kıskaç	
🦐	2	shrimp	karides	deniz|deniz mahsulü|kabuklu deniz hayvanı|küçük|okyanus|yiyecek	
🦑	2	squid	mürekkep balığı	okyanus|yiyecek|yumuşakçalar sınıfı	
🦪	2	oyster	istiridye	dalma|inci	
🐌	2	snail	salyangoz	böcek|hayvan|sümüklü böcek|yavaş	
🦋	2	butterfly	kelebek	böcek|şirin	
🫌	2	monarch butterfly			
🐛	2	bug	tırtıl	böcek|hayvan|kırkayak	
🐜	2	ant	karınca	bahçe|böcek|çalışkan|hayvan	
🐝	2	honeybee	bal arısı	arı|hayvan|iğne|vız vız	
🪲	2	beetle	böcek	haşere|hayvan	
🐞	2	lady beetle	uğur böceği	benekli|böcek|hanım|hanımböceği|hayvan	
🦗	2	cricket	cırcır böceği	böcek|çekirge|hayvan	
🪳	2	cockroach	hamam böceği	böcek|haşere|hayvan|iğrenç|kabuklu|karafatma	
🕷️	2	spider	örümcek	böcek	
🕸️	2	spider web	örümcek ağı	örümcek	
🦂	2	scorpion	akrep	burç|hayvan|iğne|zehir	
🦟	2	mosquito	sivrisinek	ateş|böcek|hastalık|sıtma|virüs	
🪰	2	fly	karasinek	at sineği|böcek|çürüme|hastalık|hayvan|kurt sineği|larva|sinek|uçmak	
🪱	2	worm	solucan	hayvan|kurt|kurtçuk|parazit|sürüngen	
🦠	2	microbe	mikrop	amip|bakteri|bilim|deney|hastalık|hücre|laboratuvar|tek hücreli|virüs	
💐	2	bouquet	buket	aşk|çiçek|doğum günü|gül|romantizm	
🌸	2	cherry blossom	kiraz çiçeği	bahar|çiçek|çiçek izleme|kiraz	
💮	2	white flower	beyaz çiçek	çiçek|çiçek damgası|damga|iyi çalışma damgası	
🪷	2	lotus	nilüfer	bitki|Budizm|çiçek|Hinduizm|huzur|lotus|namaste|saflık|sakin|yoga	
🏵️	2	rosette	çiçek rozet	bitki|çiçek|gülce|sarı çiçek	
🌹	2	rose	gül	aşk|bitki|çiçek|kırmızı gül	
🥀	2	wilted flower	solmuş çiçek	boynu bükük|çiçek|gül|kırgın|kırmızı gül|solmuş|üzgün	
🌺	2	hibiscus	çingülü	Atatürk çiçeği|bitki|çiçek|hatmi çiçeği	
🌻	2	sunflower	ayçiçeği	bitki|çiçek|güneş	
🌼	2	blossom	çiçek açma	bitki|çiçek|sarı çiçek	
🌷	2	tulip	lale	bitki|çiçek|kırmızı lale	
🪻	2	hyacinth	sümbül	acı bakla|aslanağzı|bahar|bitki|çiçek|doğa|eflatun|lavanta|lila|lupin|mor	
🌱	2	seedling	filizlenme	fide|filiz|genç|genç bitki|yeşil	
🪴	2	potted plant	saksı bitkisi	bitki|çiçek|dekor|doğa|ev|ev bitkisi|saksı|yeşil|yetiştirme	
🌲	2	evergreen tree	yaprak dökmeyen ağaç	ağaç|çam|noel ağacı|orman|yaprak dökmeyen|yeni yıl|yeşil	
🌳	2	deciduous tree	yaprak döken ağaç	ağaç|orman|yaprak döken|yeşil ağaç	
🌴	2	palm tree	palmiye ağacı	ağaç|palmiye|yaz|yeşil	
🌵	2	cactus	kaktüs	bitki|çöl|diken	
🌾	2	sheaf of rice	pirinç bitkisi	başak|pirinç|pirinç başağı	
🌿	2	herb	ot	bitki|yaprak	
☘️	2	shamrock	yonca	bitki|yeşil yaprak	
🍀	2	four leaf clover	dört yapraklı yonca	bitki|dört|iskoç|şans|şanslı|yaprak|yeşil|yonca	
🍁	2	maple leaf	akçaağaç yaprağı	düşen yaprak|kırmızı yaprak|sarı yaprak|sonbahar|turuncu yaprak|yaprak	
🍂	2	fallen leaf	düşen yapraklar	düşen|düşmüş|güz|sonbahar|yaprak|yapraklar	
🍃	2	leaf fluttering in wind	rüzgardaki yaprak	esen|rüzgar|yaprak	
🪹	2	empty nest	boş yuva	dal|doğa|ev|kuş|yuva	
🪺	2	nest with eggs	yumurta bulunan yuva	dal|doğa|hayvan|huzur|kuş|kuş yuvası|yavru kuş|yumurta|yuva	
🍄	2	mushroom	mantar	bitki|kırmızı mantar|masal	
🪾	2	leafless tree	yapraksız ağaç	çorak|kış|kurak	
🍇	3	grapes	üzüm	gıda|meyve|salkım	
🍈	3	melon	kavun	gıda|meyve|meze|rakı|yemek	
🍉	3	watermelon	karpuz	gıda|meyve	
🍊	3	tangerine	mandalina	gıda|meyve|portakal|turunç	
🍋	3	lemon	limon	gıda|meyve|narenciye	
🍋‍🟩	3	lime	misket limonu	lim|limon|limonlu turta|margarita|meyve|narenciye|salsa|tekila|tropik|yeşil|yiyecek	
🍌	3	banana	muz	gıda|maymun|meyve	
🍍	3	pineapple	ananas	gıda|meyve|tropik	
🥭	3	mango	mango	meyve|tropik|tropikal|yiyecek	
🍎	3	red apple	kırmızı elma	elma|gıda|kırmızı|meyve	
🍏	3	green apple	yeşil elma	ekşi elma|elma|gıda|meyve|yeşil|yiyecek	
🍐	3	pear	armut	ayı|gıda|meyve	
🍑	3	peach	şeftali	gıda|meyve	
🍒	3	cherries	kiraz	gıda|meyve	
🍓	3	strawberry	çilek	gıda|meyve|yumuşak meyve	
🫐	3	blueberries	yaban mersini	dağ mersini|likapa|mavi|mersin|meyve|orman meyvesi|yemek|yiyecek	
🥝	3	kiwi fruit	kivi	gıda|meyve|yiyecek	
🍅	3	tomato	domates	gıda|meyve|sebze	
🫒	3	olive	zeytin	dal|yemek|yeşil zeytin|yiyecek|zeytin dalı	
🥥	3	coconut	Hindistan cevizi	gıda|hindistan cevizi|maymun|palmiye|pina colada|tropikal	
🥑	3	avocado	avokado	gıda|meyve|tropik|yiyecek	
🍆	3	eggplant	patlıcan	gıda|sebze|yemek	
🥔	3	potato	patates	gıda|sebze|yiyecek	
🥕	3	carrot	havuç	gıda|sebze|tavşan|yiyecek	
🌽	3	ear of corn	mısır koçanı	başak|gıda|mısır|mısır başağı	
🌶️	3	hot pepper	acı biber	acı|biber|bitki|gıda|kırmızı biber	
🫑	3	bell pepper	dolma biber	biber|dolma|dolmalık biber|sebze|yemek|yeşil biber|yiyecek	
🥒	3	cucumber	salatalık	gıda|hıyar|sebze|turşu|yiyecek	
🫝	3	pickle			
🥬	3	leafy green	yeşil yapraklı sebze	çin lahanası|karalahana|lahana|marul|salata|sebze|yaprak|yemek|yeşil|yeşillik|yiyecek	
🥦	3	broccoli	brokoli	bitki|gıda|sebze|yabani lahana|yemek|yeşil	
🧄	3	garlic	sarımsak	baharat	
🧅	3	onion	soğan	baharat|sebze|yiyecek	
🥜	3	peanuts	yer fıstığı	fındık|fıstık|gıda|kuruyemiş|sebze|yiyecek	
🫘	3	beans	fasulye	baklagil|barbunya|bitki|gıda|tohum|vegan|vejetaryen|yiyecek	
🌰	3	chestnut	kestane	ağaç|bitki|gıda	
🫚	3	ginger root	kök zencefil	baharat|bira|bitki|çeşni|doğal|kök|sağlık|şifalı|yiyecek|yumru|zencefil	
🫛	3	pea pod	kabuklu bezelye	bakla|baklagil|barbunya|bezelye|edamame|fasulye|fasulye sırığı|kabuk|sebze|vejetaryen	
🍄‍🟫	3	brown mushroom	kahverengi mantar	doğa|gıda|mantar|pizza malzemesi|portobello|sebze|şitaki|trüf|yiyecek	
🫜	3	root vegetable	kök sebze	bahçe|kök|pancar|sebze|turp	
🍞	3	bread	ekmek	ekmek dilimi|gıda|kahvaltı|restoran|yemek	
🥐	3	croissant	kruvasan	ay çöreği|ekmek|fransız|gıda|pastane|yiyecek	
🥖	3	baguette bread	baget ekmek	baget|ekmek|fransız|gıda|yiyecek	
🫓	3	flatbread	yassı ekmek	bazlama|ekmek|lavaş|naan|pide|pita|yemek|yiyecek	
🥨	3	pretzel	pretzel	burgu|çubuk kraker|gıda	
🥯	3	bagel	simit	bagel|donut|ekmek|fırın|kahvaltı|pasta|peynirli simit|sürme peynir	
🥞	3	pancakes	krep	gıda|gözleme|kahvaltı|pancake|pankek|yiyecek	
🧇	3	waffle	waffle	hamur|kahvaltı|vafıl	
🧀	3	cheese wedge	peynir dilimi	fare|gıda|peynir	
🍖	3	meat on bone	kemikli et	et|gıda|restoran|yemek	
🍗	3	poultry leg	tavuk butu	but|gıda|restoran|tavuk|yemek	
🥩	3	cut of meat	parça et	biftek|bonfile|et|gıda|ızgara|kırmızı et|kuşbaşı|sote|steak|yemek	
🥓	3	bacon	domuz pastırması	bacon|et|gıda|kahvaltı|yiyecek	
🍔	3	hamburger	hamburger	çizburger|gıda|restoran|yemek|yiyecek	
🍟	3	french fries	patates kızartması	gıda|kızartma patates|McDonald’s|restoran	
🍕	3	pizza	pizza dilimi	dilim|gıda|peynirli pizza|pizza|restoran|yiyecek	
🌭	3	hot dog	sosisli sandviç	gıda|hot dog|sosis	
🥪	3	sandwich	sandviç	ekmek|gıda|tost|yemek	
🌮	3	taco	tako	gıda|meksika sandviçi|Meksika sandviçi	
🌯	3	burrito	burito	dürüm|gıda|meksika dürümü|Meksika dürümü|yemek	
🫔	3	tamale	tamale	dürüm|Meksika yemeği|yemek|yiyecek	
🥙	3	stuffed flatbread	dürüm	döner|ekmek arası|falafel|gıda|kebap|pide|pide arası|sarma|yiyecek	
🧆	3	falafel	falafel	köfte|nohut	
🥚	3	egg	yumurta	gıda|kahvaltı|tavuk|yiyecek	
🍳	3	cooking	yemek pişirme	gıda|kahvaltı|kızartma tavası|pişirme|restoran|sahanda yumurta|tavada yumurta|yemek|yiyecek|yumurta	
🥘	3	shallow pan of food	sahanda yemek	gıda|güveç|kahvaltı|krep tavası|küçük|menemen|paella|tava|yemek|yiyecek	
🍲	3	pot of food	yemek tenceresi	gıda|restoran|tencere yemeği|yahni|yemek|yiyecek	
🫕	3	fondue	fondü	çikolata|çubuk|erimiş|kap|kayak|peynir|raklet|yemek|yiyecek	
🥣	3	bowl with spoon	kaşıklı kase	çorba|gıda|kahvaltı|kase|pirinç lapası|tahıl gevreği|yemek	
🥗	3	green salad	yeşil salata	gıda|sağlıklı|salata|yemek|yeşil|yiyecek	
🍿	3	popcorn	patlamış mısır	gıda|mısır|sinema	
🧈	3	butter	tereyağı	süt ürünü|tereyağ	
🧂	3	salt	tuz	baharat|baharatlık|beyaz|çeşni|tuzlu|tuzluk|yemek	
🥫	3	canned food	konserve gıda	konserve|konserve domates	
🍱	3	bento box	bento	bento paketi|gıda|paket|restoran|sushi|yemek	
🍘	3	rice cracker	pirinç gevreği	gıda|pirinç|yemek	
🍙	3	rice ball	pirinç topu	gıda|onigiri|pirinç|restoran|yemek|yiyecek	
🍚	3	cooked rice	pilav	gıda|pirinç|restoran	
🍛	3	curry rice	körili pilav	gıda|köri|pirinç|restoran|yemek	
🍜	3	steaming bowl	erişte	buharda pişmiş|gıda|makarna|noodle|noodle tabağı|restoran|tabak	
🍝	3	spaghetti	spagetti	gıda|makarna|restoran|yemek	
🍠	3	roasted sweet potato	fırınlanmış patates	fırınlanmış tatlı patates|gıda|restoran|tatlı|tatlı patates|tırınlanmış	
🍢	3	oden	oden	çubuk|çubukta deniz ürünleri|gıda|kebap|restoran|şiş kebap	
🍣	3	sushi	suşi	çiğ balık|gıda|japon|restoran|sushi|suşi nigiri	
🍤	3	fried shrimp	kızarmış karides	deniz ürünü|gıda|karides|restoran|yiyecek	
🍥	3	fish cake with swirl	balık köftesi	balık|çörek|gıda|restoran|rulo balık köftesi|yiyecek	
🥮	3	moon cake	ay pastası	çörek|festival|kek|pasta|sonbahar|tatlı|yemek|yiyecek|yuèbǐng	
🍡	3	dango	pirinç tatlısı	çubukta pirinç tatlısı topları|dango|gıda|Japon pirinç tatlısı|pirinç tatlısı topları|restoran|tatlı	
🥟	3	dumpling	mantı	empanada|gıda|gyōza|hamur köftesi|haşlanmış içli hamur|jiaozi|pierogi|potsticker	
🥠	3	fortune cookie	fal kurabiyesi	gıda|içinden fal çıkan çin kurabiye|kehanet|şans kurabiyesi|talih kurabiyesi	
🥡	3	takeout box	yiyecek paketi	çin yemeği|eve servis|gıda|kutu|paket yemek|yemek|yiyecek	
🍦	3	soft ice cream	yumuşak dondurma	dondurma|dondurma külahı|gıda|krema|külah|restoran|vanilyalı dondurma	
🍧	3	shaved ice	meyveli buz	buz|meyveli|restoran	
🍨	3	ice cream	dondurma	buz|gıda|krema|kup|restoran|tatlı	
🍩	3	doughnut	donut	çikolatalı donut|çikolatalı lokma|donat|doughnut|gıda|restoran|tatlı|yiyecek	
🍪	3	cookie	kurabiye	çikolatalı kurabiye|cookie|gıda|restoran	
🎂	3	birthday cake	doğum günü pastası	dilek|doğum günü|gıda|iyi ki doğdun|kek|krema|kutlama|mum|mutlu yıllar|nice senelere|parti|pasta|tatlı|üflemek|yaş günü|yemek|yiyecek	
🍰	3	shortcake	pasta dilimi	dilim pasta|doğum günü|gıda|pasta|restoran	
🧁	3	cupcake	cupcake	fırın|kapkek|kek|krema|muffin|pasta|pembe krema|şekerli|tatlı|top kek|yemek	
🥧	3	pie	tart	elmalı pay|gıda|pasta|pay|poğaça|şeftalili pay|tatlı|yemek	
🍫	3	chocolate bar	çikolata	bar|çikolata barı|gıda|restoran|tatlı	
🍬	3	candy	şekerleme	bayram|restoran|şeker	
🍭	3	lollipop	lolipop	bayram|çocuk|gıda|restoran|şeker|şekerleme	
🍮	3	custard	krem karamel	gıda|puding|restoran|tatlı	
🍯	3	honey pot	bal kabı	bal|gıda|kahvaltı|kap|restoran|tatlı	
🍼	3	baby bottle	biberon	bebek|içecek|küçük şişe|şişe|süt	
🥛	3	glass of milk	süt bardağı	bardak|gıda|içecek|süt	
☕	3	hot beverage	sıcak içecek	çay|dumanı tüten|içecek|kahve|sıcak	
🫖	3	teapot	demlik	çay|çay demlemek|çaydanlık|demleme|içecek	
🍵	3	teacup without handle	çay fincanı	çay|içecek|yeşil çay	
🍶	3	sake	sake	bar|fincan|içecek|restoran|sake şişesi ve fincanı|şişe	
🍾	3	bottle with popping cork	patlayan mantarlı şişe	bar|içki|kutlama|mantar|şampanya|şişe	
🍷	3	wine glass	şarap kadehi	bar|bardak|bardak şarap|içecek|içedek|kadeh|kırmızı şarap|restoran|şarap bardağı	
🍸	3	cocktail glass	kokteyl kadehi	bar|kokteyl|kokteyl bardağı|restoran	
🍹	3	tropical drink	tropik içecek	bar|içecek|kokteyl|restoran|tropik	
🍺	3	beer mug	bira kupası	bar|kupa|restoran	
🍻	3	clinking beer mugs	bira kupaları tokuşturma	bar|bira|içki|kupa|kupalar|restoran	
🥂	3	clinking glasses	kadeh tokuşturma	bardak|içecek|kutlama|şampanya|tokuşturma	
🥃	3	tumbler glass	kısa ve geniş bardak	bardak|içki|kısa ve geniş|likör|tek içki|viski	
🫗	3	pouring liquid	dökülen sıvı	bardak|boş|cam|dök|dökme|dökmek|içecek|kaza|sıvı	
🥤	3	cup with straw	pipetli bardak	ayran|gazoz|içecek|kamışlı bardak|kola|plastik bardak	
🧋	3	bubble tea	bubble tea	baloncuk|boba|çay|içecek|inci|inci çayı|süt|tayvan	
🧃	3	beverage box	içecek kutusu	içecek|kutu|kutu meyve suyu|meyve suyu|pipet	
🧉	3	mate	mate çayı	içecek	
🧊	3	ice	buz küpü	aysberg|buz|soğuk	
🥢	3	chopsticks	yemek çubukları	chopsticks|çin yemek çubuğu|yemek çubuğu	
🍽️	3	fork and knife with plate	tabakla birlikte çatal ve bıçak	bıçak|çatal|tabak|yemek	
🍴	3	fork and knife	çatal ve bıçak	aç|akşam yemeği|beslenmek|bıçak|brunch|çatal|eline sağlık|kahvaltı|leziz|meyhane|mutfak|öğle yemeği|pişirmek|restoran|yemek|yiyecek	
🥄	3	spoon	kaşık	yemek|yemek takımı	
🔪	3	kitchen knife	mutfak bıçağı	bıçak	
🫙	3	jar	kavanoz	baharatlık|bitmiş|boş|cam|kap|mutfak|saklama kabı|sos|tamtakır	
🏺	3	amphora	amfora	alet|antika|içecek|kap|silah	
🌍	4	globe showing Europe-Africa	yerkürede Avrupa-Afrika	Afrika|Avrupa|dünya|yerküre|yerkürede avrupa-afrika	
🌎	4	globe showing Americas	yerkürede Amerika	Amerika|Amerika bölgeleri|dünya|yerküre|yerkürede amerika	
🌏	4	globe showing Asia-Australia	yerkürede Asya-Avustralya	Asya|Avustralya|dünya|yerküre|yerkürede asya-avustralya	
🌐	4	globe with meridians	meridyenli yerküre	boylamlar|dünya|meridyen|yerküre	
🗺️	4	world map	dünya haritası	dünya|harita	
🗾	4	map of Japan	Japonya haritası	harita|Japonya|japonya haritası	
🧭	4	compass	pusula	hedef bulma|kaybolmak|manyetik|navigasyon|oryantiring|yön bulma	
🏔️	4	snow-capped mountain	karla kaplı dağ	dağ|kar|soğuk|uludağ	
⛰️	4	mountain	dağ		
🛘	4	landslide	heyelan	çığ|dağ|deprem|felaket|kayalar|taşlar|tehlike|toprak kayması	
🌋	4	volcano	yanardağ	dağ|doğa|volkan|yanardağ patlaması	
🗻	4	mount fuji	Fuji Dağı	dağ|fuji dağı	
🏕️	4	camping	kamp	kamp yapma	
🏖️	4	beach with umbrella	plaj ve şemsiye	ada|kumsal|plaj|şemsiye|tatil	
🏜️	4	desert	çöl	güneş|sıcak	
🏝️	4	desert island	ıssız ada	ada|çöl	
🏞️	4	national park	milli park	açık hava|doğa|orman|park|ulusal park	
🏟️	4	stadium	stadyum	maç	
🏛️	4	classical building	tarihi yapı	bina|klasik|tarihi	
🏗️	4	building construction	bina inşaatı	bina|inşaat|iş makinası|vinç	
🧱	4	brick	tuğla	duvar|duvar örmek|harç|inşaat|kil|kiremit|kırmızı|seramik|taş|tuğlalar	
🪨	4	rock	kaya	ağır|büyük kaya|çakıl|katı|kayalık|sert|seyahat|taş	
🪵	4	wood	kütük	ağaç|ahşap|kereste|odun|seyahat|tomruk	
🛖	4	hut	kulübe	baraka|ev|seyahat|sığınak|yer|yurt	
🏘️	4	houses	evler	bina|ev|komşu|konut|site	
🏚️	4	derelict house	terkedilmiş ev	bina|ev|harabe	
🏠	4	house	ev	bina|konut|yuva	
🏡	4	house with garden	bahçeli ev	bahçe|bina|ev|evim evim güzel evim|yazlık	
🏢	4	office building	ofis binası	belediye|bina|devlet dairesi|ofis	
🏣	4	Japanese post office	Japon postanesi	bina|Japon|japon postanesi|posta|postane	
🏤	4	post office	postane	Avrupa|Avrupa postanesi|bina|posta	
🏥	4	hospital	hastane	bina|klinik|sağlık ocağı	
🏦	4	bank	banka	bina|dolar|para	
🏨	4	hotel	otel	bina|kalacak yer	
🏩	4	love hotel	aşk oteli	aşk|bina|otel	
🏪	4	convenience store	sürekli açık market	24 saat açık|bina|market|sürekli açık	
🏫	4	school	okul	bina|ilkokul|lise|okul binası	
🏬	4	department store	çok katlı mağaza	büyük mağaza|çok katlı|mağaza	
🏭	4	factory	fabrika	bina|sanayi	
🏯	4	Japanese castle	Japon şatosu	bina|japon kalesi|kale|şato	
🏰	4	castle	şato	avrupalı|bina|kale	
💒	4	wedding	düğün	evlenme|kilise|kilisede evlenme|romantizm	
🗼	4	Tokyo tower	Tokyo kulesi	kule|Tokyo|tokyo kulesi	
🗽	4	Statue of Liberty	Özgürlük Heykeli	heykel|new york|nyc|özgürlük|özgürlük heykeli	
⛪	4	church	kilise	bina|din|haç|hristiyan|Hristiyan|papaz	
🕌	4	mosque	cami	din|ibadet|ibadethane|islam|İslam|mescit|müslüman|Müslüman	
🛕	4	hindu temple	Hindu tapınağı	hindu|tapınak	
🕍	4	synagogue	sinagog	din|musevi|tapınak|yahudi|Yahudi	
⛩️	4	shinto shrine	Şinto tapınağı	din|şinto|şinto tapınağı|tapınak	
🕋	4	kaaba	Kâbe	din|islam|kabe|kâbe|müslüman	
⛲	4	fountain	fıskiye	çeşme|süs havuzu	
⛺	4	tent	çadır	kamp|kamp yeri	
🌁	4	foggy	sisli	sis	
🌃	4	night with stars	yıldızlı gece	gece|şehir|yıldızlar	
🏙️	4	cityscape	şehir manzarası	bina|gökdelen|şehir	
🌄	4	sunrise over mountains	dağların arasından güneşin doğuşu	dağ|dağların ardında güneş|güneş|sabah güneşi	
🌅	4	sunrise	güneşin doğuşu	gün doğumu|güneş|sabah|sabah güneşi|şafak	
🌆	4	cityscape at dusk	şehirde alacakaranlık	akşam|alacakaranlık|bina|gün batımı|manzara|şehir	
🌇	4	sunset	gün batımı	alacakaranlık|bina|binaların üzerinden gün batımı|gökdelen|maslak|new york|şehir	
🌉	4	bridge at night	gece vakti köprü	boğaz|gece|golden gate|köprü|manzara	
♨️	4	hot springs	kaplıca	hamam|ılıca|sıcak	
🎠	4	carousel horse	atlıkarınca	at|atlı karınca|atlıkarınca atı|eğlence|karusel	
🛝	4	playground slide	kaydırak	çocuk|çocuk parkı|eğlence|eğlence parkı|kaymak|oyun|park	
🎡	4	ferris wheel	dönme dolap	dolap|dönme|eğlence|eğlence parkı|lunapark	
🎢	4	roller coaster	hız treni	eğlence|eğlence parkı|hız|lunapark|roller coaster|tren	
💈	4	barber pole	berber dükkanı	berber|berber işareti|işaret	
🎪	4	circus tent	sirk çadırı	çadır|eğlence|sirk	
🚂	4	locomotive	buharlı lokomotif	buhar|lokomotif|seyahat|taşıt|tren|tren yolu	
🚃	4	railway car	vagon	demir yolu|demiryolu|elektrik|elektrikli tren|taşıt|toplu taşıma|tramvay	
🚄	4	high-speed train	yüksek hızlı tren	hızlı tren|marmaray|metro|shinkansen|taşıt|tren	
🚅	4	bullet train	yuvarlak uçlu yüksek hızlı tren	hızlı tren|mermi burunlu|mermi burunlu shinkansen|shinkansen|taşıt|tren	
🚆	4	train	tren	demiryolu|taşıt	
🚇	4	metro	metro	marmaray|taşıt|toplu taşıma|tren|ulaşım	
🚈	4	light rail	hafif raylı	demiryolu|hafif|taşıt|tren|tren yolculuğu|tren yolu	
🚉	4	station	tren istasyonu	istasyon|taşıt|tren|tren yolu	
🚊	4	tram	tramvay	metrobüs|taşıt	
🚝	4	monorail	monoray	araç|metro|taşıt|tramvay	
🚞	4	mountain railway	dağ demiryolu	dağ|dağ teleferiği|demiryolu|taşıt|teleferik|tren|vagon|yolculuk	
🚋	4	tram car	tramvay vagonu	taşıt|toplu taşıma|tramvay|vagon	
🚌	4	bus	otobüs	minibüs|taşıt|toplu taşıma	
🚍	4	oncoming bus	yaklaşan otobüs	araba|otobüs|servis|taşıt|toplu taşıma|yaklaşan	
🚎	4	trolleybus	troleybüs	otobüs|taşıt|toplu taşıma|troley	
🚐	4	minibus	minibüs	otobüs|taşıt|toplu taşıma	
🚑	4	ambulance	ambulans	acil|taşıt	
🚒	4	fire engine	itfaiye arabası	araba|itfaiye|itfaiye kamyonu|taşıt|yangın	
🚓	4	police car	polis arabası	araba|devriye arabası|polis|taşıt	
🚔	4	oncoming police car	yaklaşan polis arabası	polis|polis arabası|taşıt	
🚕	4	taxi	taksi	araba|sarı taksi|taşıt	
🚖	4	oncoming taxi	yaklaşan taksi	taksi|taşıt	
🚗	4	automobile	araba	araç|otomobil|taşıt	
🚘	4	oncoming automobile	yaklaşan araba	araba|araç|otomobil|taşıt|yaklaşan	
🚙	4	sport utility vehicle	cip	aile arabası|araba|eğlence taşıtı|karavan|mavi araba|minivan|spor araba|taşıt	
🛻	4	pickup truck	pikap	araba|araç|gitmek|kamyon|kamyonet|otomobil|seyahat|ulaşım|yol	
🚚	4	delivery truck	nakliye kamyonu	eve servis|kamyon|taşıt|teslimat kamyonu|ulaştırma	
🚛	4	articulated lorry	tır	araba|araç|çekici|kamyon|taşıt|treyler	
🚜	4	tractor	traktör	taşıt	
🏎️	4	racing car	yarış arabası	araba|gokart|yarış	
🏍️	4	motorcycle	motosiklet	motor|yarış	
🛵	4	motor scooter	motorlu skuter	motor|skuter	
🦽	4	manual wheelchair	tekerlekli sandalye	erişilebilirlik	
🦼	4	motorized wheelchair	elektrikli tekerlekli sandalye	akülü tekerlekli sandalye|erişilebilirlik	
🛺	4	auto rickshaw	elektrikli çekçek	tuk tuk	
🚲	4	bicycle	bisiklet	bisiklete binmek|cycling|sürüş|taşıt	
🛴	4	kick scooter	ayakla sürülen skuter	ayak|skuter	
🛹	4	skateboard	kaykay	kaykaycı|kaymak|rampa|spor|tahta|tekerlek	
🛼	4	roller skate	paten	paten kaymak|patenle kaymak|roller blade|roller skate|seyahat|spor|tekerlek|tekerlekli paten|tekerlekli patenler	
🚏	4	bus stop	otobüs durağı	durak|minibüs durağı|otobüs|toplu taşıma	
🛣️	4	motorway	otoban	anayol|cadde|çevre yolu|otoyol	
🛤️	4	railway track	tren yolu	demiryolu|tren	
🛢️	4	oil drum	petrol varili	benzin|benzin fıçısı|fıçı|petrol|varil	
⛽	4	fuel pump	akaryakıt istasyonu	benzin|benzin istasyonu|benzinci|gaz|istasyon|pompa|yakıt|yakıt pompası	
🛞	4	wheel	tekerlek	araba|çark|dönüş|jant|lastik|oto|otomobil|seyahat|yedek parça|yolculuk	
🚨	4	police car light	polis lambası	alarm|araba|polis arabası|polis tepe lambası|siren|tepe lambası	
🚥	4	horizontal traffic light	yatay trafik ışıkları	ışık|trafik|trafik lambası|trafik sinyalleri|yatay trafik ışığı	
🚦	4	vertical traffic light	dikey trafik ışıkları	dikey trafik ışığı|ışık|trafik|trafik ışıkları|trafik lambası|trafik sinyalleri	
🛑	4	stop sign	dur işareti	dur|işaret|sekizgen	
🚧	4	construction	inşaat	inşaat işareti|işaret	
🛙	4	lighthouse			
⚓	4	anchor	çıpa	çapa|denizci|denizcilik|gemi|işaret|tekne	
🛟	4	ring buoy	cankurtaran simidi	can simidi|cankurtaran|deniz|güvenlik|havuz|hayat kurtaran|kurtarmak|önlem|simit|yüzme	
⛵	4	sailboat	yelkenli tekne	deniz tatil yeri|deniz tatili|tatil yeri|tekne|yat	
🛶	4	canoe	kano	bot|kayık|tekne	
🚤	4	speedboat	sürat teknesi	bot|taşıt|tekne	
🛳️	4	passenger ship	yolcu gemisi	gemi|motor|taşıt|tekne|vapur|yolcu	
⛴️	4	ferry	feribot	arabalı vapur|gemi|tekne|vapur	
🛥️	4	motor boat	motorlu tekne	motor|taşıt|tekne|toplu taşıma|vapur|yat	
🚢	4	ship	gemi	seyahat|taşıt|titanik|toplu taşıma|tur|vapur	
✈️	4	airplane	uçak	jet|seyahat|taşıt|uçmak|yolculuk	
🛩️	4	small airplane	küçük uçak	taşıt|uçak	
🛫	4	airplane departure	kalkan uçak	check in|chek in|kalkış|taşıt|uçak	
🛬	4	airplane arrival	inen uçak	iniş|inme|inmek|taşıt|uçak|varış|varmak	
🪂	4	parachute	paraşüt	delta kanat|deniz paraşütü|paraşütle atlama	
💺	4	seat	koltuk	sandalye	
🚁	4	helicopter	helikopter	taşıt	
🚟	4	suspension railway	asma demiryolu	asma|demiryolu|taşıt	
🚠	4	mountain cableway	dağ teleferik hattı	dağ|dağ teleferiği|kablo|taşıt|teleferik|telesiyej|vagon	
🚡	4	aerial tramway	teleferik	gondol|hava tramvayı|havadan yol|kablo yolu|taşıt|tramvay	
🛰️	4	satellite	uydu	araç|uzay	
🚀	4	rocket	roket	çıkış|taşıt|uzay|yolculuk	
🛸	4	flying saucer	uçan daire	ufo|UFO|uzaylı	
🛎️	4	bellhop bell	resepsiyon zili	çan|otel|zil	
🧳	4	luggage	bavul	bagaj|çanta|seyahat|tatil|valiz|yol|yolculuk	
⌛	4	hourglass done	kum saati	kum	
⏳	4	hourglass not done	akan kum saati	kum akan kum saati|kum saati|sayaç|zamanlayıcı	
⌚	4	watch	kol saati	saat	
⏰	4	alarm clock	çalar saat	alarm|saat	
⏱️	4	stopwatch	kronometre	saat	
⏲️	4	timer clock	alarm	saat|zamanlayıcı	
🕰️	4	mantelpiece clock	raf saati	saat	
🕛	4	twelve o’clock	saat 12	12:00|on iki|saat	
🕧	4	twelve-thirty	on iki buçuk	12:30|on iki otuz|saat|yarım	
🕐	4	one o’clock	saat 1	1:00|bir|saat	
🕜	4	one-thirty	bir buçuk	1:30|saat	
🕑	4	two o’clock	saat 2	2:00|iki|saat	
🕝	4	two-thirty	iki buçuk	2:30|saat	
🕒	4	three o’clock	saat 3	3:00|saat|üç	
🕞	4	three-thirty	üç buçuk	3:30|saat	
🕓	4	four o’clock	saat 4	4:00|dört|saat	
🕟	4	four-thirty	dört buçuk	4:30|saat	
🕔	4	five o’clock	saat 5	5:00|beş|saat	
🕠	4	five-thirty	beş buçuk	5:30|saat	
🕕	4	six o’clock	saat 6	6:00|altı|saat	
🕡	4	six-thirty	altı buçuk	6:30|saat	
🕖	4	seven o’clock	saat 7	7:00|saat|yedi	
🕢	4	seven-thirty	yedi buçuk	7:30|saat	
🕗	4	eight o’clock	saat 8	8:00|saat|sekiz	
🕣	4	eight-thirty	sekiz buçuk	8:30|saat	
🕘	4	nine o’clock	saat 9	9:00|dokuz|saat	
🕤	4	nine-thirty	dokuz buçuk	9:30|saat	
🕙	4	ten o’clock	saat 10	10:00|on|saat	
🕥	4	ten-thirty	on buçuk	10:30|saat	
🕚	4	eleven o’clock	saat 11	11:00|on bir|saat	
🕦	4	eleven-thirty	on bir buçuk	11:30|saat	
🌑	4	new moon	yeni ay	ay|karanlık|yeni	
🌒	4	waxing crescent moon	büyüyen ay	ay|hilal|yükselen	
🌓	4	first quarter moon	ilk dördün	ay|uzay	
🌔	4	waxing gibbous moon	geniş ay	ay|şişkin|yükselen	
🌕	4	full moon	dolunay	ay|dolu|parlak|tam ay	
🌖	4	waning gibbous moon	küçülen ay	ay|şişkin|solgun|uzay	
🌗	4	last quarter moon	son dördün	ay|dördün	
🌘	4	waning crescent moon	ince ay	ay|ay kararması|ay tutulması|gece|gökyüzü|hilal|solgun|uzay	
🌙	4	crescent moon	hilal	ay|dilek|gece|gökyüzü|uzay|yeni ay	
🌚	4	new moon face	yeni ay yüzü	ay|gece|yeni ay|yüz|yüzü olan yeni ay	
🌛	4	first quarter moon face	ilk dördün ay yüzü	ay|dördün|ilk dördün|yüz|yüzü olan ay|yüzü olan ilk dördün	
🌜	4	last quarter moon face	son dördün ay yüzü	ay|dördün|son dördün|yüz|yüzü olan ay|yüzü olan son dördün	
🌡️	4	thermometer	termometre	derece|hava durumu	
☀️	4	sun	güneş	aydınlık|güneşli|hava durumu|ışık|sıcak|uzay	
🌝	4	full moon face	dolunay yüzü	ay|dolu|dolunay|yüz|yüzü olan ay|yüzü olan dolunay	
🌞	4	sun with face	güneş yüz	güneş|parlak|sıcak|yaz|yüz	
🪐	4	ringed planet	halkalı gezegen	satürn	
⭐	4	star	yıldız	beyaz orta yıldız|gece|gökyüzü|kutup yıldızı	
🌟	4	glowing star	parıldayan yıldız	dilek|dilek yıldızı|kıvılcım|kutup yıldızı|parıldama|parlak|parlayan yıldız|pırıltı|yıldız	
🌠	4	shooting star	yıldız kayması	gece|kayan|meteor yağmuru|uzay|yıldız	
🌌	4	milky way	samanyolu	gökyüzü|uzay	
☁️	4	cloud	bulut	hava durumu	
⛅	4	sun behind cloud	bulutlar ardındaki güneş	bulut|bulutlu güneş|güneş|hava|parçalı bulutlu	
⛈️	4	cloud with lightning and rain	şimşek ve yağmurlu bulut	bulut|gökgürültüsü|hava durumu|yağmur	
🌤️	4	sun behind small cloud	bulutun arkasındaki güneş	bulut|güneş|hava durumu|parçalı bulutlu	
🌥️	4	sun behind large cloud	bulutta kaybolan güneş	bulut|güneş|hava durumu|parçalı bulutlu	
🌦️	4	sun behind rain cloud	yağmur bulutunun arkasındaki güneş	bulut|güneş|hava durumu|parçalı bulutlu|yağmur|yer yer yağmur	
🌧️	4	cloud with rain	yağmur bulutu	bulut|hava durumu|yağmur	
🌨️	4	cloud with snow	kar bulutu	bulut|hava durumu|kar|soğuk	
🌩️	4	cloud with lightning	şimşek bulutu	bulut|fırtına|hava durumu|şimşek|yıldırım	
🌪️	4	tornado	hortum	bulut|fırtına|hava durumu|tayfun	
🌫️	4	fog	sis	bulut|gökyüzü|hava durumu	
🌬️	4	wind face	rüzgar	esme|hava durumu	
🌀	4	cyclone	siklon	baş dönmesi|hortum|tayfun	
🌈	4	rainbow	gökkuşağı	biseksüel|gay|hava durumu|lezbiyen|yağmur	
🌂	4	closed umbrella	kapalı şemsiye	şemsiye|yağmur|yağmurlu	
☂️	4	umbrella	şemsiye	giyim|hava durumu|mor şemsiye|yağmur	
☔	4	umbrella with rain drops	yağmur damlalı şemsiye	giyim|hava durumu|ıslak|mor şemsiye|şemsiye|yağmur|yağmurlu	
⛱️	4	umbrella on ground	sabit şemsiye	gölge|güneş|hava durumu|kumsal|plaj|şemsiye|yağmur	
⚡	4	high voltage	yüksek voltaj	doğa|elektrik|fırtına|işaret|şimşek|tehlike|voltaj|yıldırım|yüksek|yüksek voltaj işareti|yüksek voltaj tehlikesi	
❄️	4	snowflake	kar tanesi	buz|hava durumu|kar|kış|soğuk	
☃️	4	snowman	kardan adam	hava durumu|kar|kış|soğuk	
⛄	4	snowman without snow	kar yağmadan kardan adam	kar|kardan adam|karsız kardan adam|kış|soğuk	
☄️	4	comet	kuyruklu yıldız	uzay	
🪋	4	meteor			
🔥	4	fire	ateş	alev|sıcak|yakmak	
💧	4	droplet	damlacık	çizgi roman|damla|su|ter|terli	
🌊	4	water wave	dalga	okyanus dalgası|sörf|su dalgası	
🎃	5	jack-o-lantern	kabak fener	cadılar bayramı|fener|halloween|Halloween|jack|kabak|kutlama	
🎄	5	Christmas tree	Noel ağacı	ağaç|çam|kutlama|noel ağacı|süs|yılbaşı	
🎆	5	fireworks	havai fişek	eğlence|ışık|kutlama	
🎇	5	sparkler	fişek	havai fişek|kıvılcım|kutlama|patlama	
🧨	5	firecracker	maytap	ateş|bomba|dinamit|havai fişek|kırmızı|kıvılcım|patlama|patlayıcı	
✨	5	sparkles	parıltılar	*|mucize|parıldayan yıldızlar|parıltı|pırıldayan yıldızlar|pırıltı|sihir|yıldız|yıldızlar	
🎈	5	balloon	balon	doğumgünü|kırmızı balon|kutlama|parti	
🎉	5	party popper	parti konfetisi	harika|konfeti|kutlama|parti|tebrikler	
🎊	5	confetti ball	konfeti	konfeti topu|kutlama|top	
🎋	5	tanabata tree	tanabata ağacı	ağaç|ağaç ve kağıt şeritler|japon|kağıt şeritler|kutlama|Star Festivali	
🎍	5	pine decoration	çam süsleme	bambu|çam|Japon|kutlama|Yeni Yıl	
🎎	5	Japanese dolls	Japon oyuncak bebekleri	Bebek Festivali|festival|Japon|japon oyuncak bebekleri|kutlama	
🎏	5	carp streamer	sazan şekilli flama	flama|kutlama	
🎐	5	wind chime	rüzgar çanı	çan	
🎑	5	moon viewing ceremony	ay izleme	ay|ay izleme töreni|izleme|kutlama	
🧧	5	red envelope	kırmızı zarf	çin hediyesi|hediye|hóngbāo|iyi şans|iyi şanslar|kırmızı kağıt|lai see|para|uzak doğu|zarf	
🎀	5	ribbon	kurdele	kız|kutlama|pembe kurdele	
🎁	5	wrapped gift	paketlenmiş hediye	doğum günü|hediye|kutlama|paketli	
🎗️	5	reminder ribbon	anma kurdelesi	anma|kurdele|kutlama	
🎟️	5	admission tickets	giriş bileti	bilet|giriş	
🎫	5	ticket	bilet	eğlence|giriş	
🎖️	5	military medal	askeri madalya	askeri|kutlama|madalya	
🏆	5	trophy	zafer kupası	kupa|ödül	
🏅	5	sports medal	spor madalyası	altın madalya|madalya	
🥇	5	1st place medal	birincilik madalyası	altın|birinci|Birincilik madalyası|madalya	
🥈	5	2nd place medal	ikincilik madalyası	gümüş|ikinci|İkincilik madalyası|madalya	
🥉	5	3rd place medal	üçüncülük madalyası	bronz|madalya|üçüncü|Üçüncülük madalyası	
⚽	5	soccer ball	futbol topu	futbol|spor|top|topu	
⚾	5	baseball	beyzbol	beyzbol topu|spor|top	
🥎	5	softball	softball	beyzbol|beyzbol eldiveni|eldiven|kol|oyun|spor|tenis topu|top|top oynamak|yuvarlak	
🏀	5	basketball	basketbol	basketbol potası|basketbol topu|pota|spor|top	
🏐	5	volleyball	voleybol	maç|top|voleybol topu	
🏈	5	american football	amerikan futbolu	amerikan|Amerikan|spor|top	
🏉	5	rugby football	ragbi	futbol topu|ragbi futbolu|Ragbi topu|spor|top	
🎾	5	tennis	tenis	spor|tenis raketi ve topu|tenis topu|top	
🥏	5	flying disc	frizbi	atmak|disk|fırlatmak|oynamak|oyuncak|turuncu|tutmak|ultimate	
🎳	5	bowling	bovling	bovling ekipmanı|bovling topu|oyun|top	
🏏	5	cricket game	kriket	maç|sopa|top	
🏑	5	field hockey	çim hokeyi	hokey|maç|saha|sopa|top	
🏒	5	ice hockey	buz hokeyi	buz|buz hokeyi ve disk|disk|hokey|maç|sopa	
🥍	5	lacrosse	lakros	atış|gol|maç|oyun|raket|sayı|sopa|spor|top|vurmak	
🏓	5	ping pong	masa tenisi	maç|pinpon|raket|top	
🏸	5	badminton	badminton	maç|raket|tüylü top	
🥊	5	boxing glove	boks eldiveni	boks|eldiven|spor	
🥋	5	martial arts uniform	dövüş sporu forması	dövüş sporu|forma|judo|karate|spor|tekvando	
🥅	5	goal net	kale ağı	ağ|kale|spor	
⛳	5	flag in hole	delikteki bayrak	delik|golf|golf bayrağı	
⛸️	5	ice skate	buz pateni	buz|paten	
🎣	5	fishing pole	olta	balık|balıkçı|dinlenme|eğlence|kamış|kamış olta ve balık	
🤿	5	diving mask	dalgıç maskesi	aletli dalış|dalış|dalış maskesi|skuba|şnorkelle dalış	
🎽	5	running shirt	koşu tişörtü	çizgi|çizgili koşu tişörtü|koşu|spor|tişört	
🎿	5	skis	kayak	bot|kayak ve bot|spor	
🛷	5	sled	kızak	kar|kaymak	
🥌	5	curling stone	curling taşı	körling|körling oyunu|körling taşı|oyun|taş	
🎯	5	bullseye	tam isabet	hedef|hedefe isabet|isabet|on ikiden vurma|oyun	
🪀	5	yo-yo	yoyo	inip çıkma|oyuncak	
🪁	5	kite	uçurtma	süzülme|uçma	
🔫	5	water pistol	su tabancası	revolver|silah|tabanca	
🎱	5	pool 8 ball	bilardo	oyun|sekiz top	
🔮	5	crystal ball	kristal küre	fal|fal bakma|kristal|küre	
🪄	5	magic wand	sihirli asa	aktivite|asa|büyü|büyücü|cadı|değnek|etkinlik|sihir|sihirbaz|sihirli değnek	
🎮	5	video game	video oyunu	kontrol cihazı|oyun|oyun konsolu|oyun kontrol cihazı|xbox	
🕹️	5	joystick	oyun çubuğu	oyun|video oyunu	
🎰	5	slot machine	kumar makinesi	kollu makina|kumar|oyun|şans oyunu	
🎲	5	game die	oyun zarı	oyun|tavla|zar	
🧩	5	puzzle piece	yapboz parçası	bulmaca|ipucu|karmaşık|kenetleme|oyun|parça|puzzle|yap boz|yapboz	
🧸	5	teddy bear	oyuncak ayı	ayı|ayıcık|çocuk|dolgu|oyun|oyuncak|peluş|pelüş|sevimli|uyku	
🪅	5	piñata	pinyata	aktivite|cinco de mayo|etkinlik|kutlama|meksika|parti|pinata|şapka|şeker	
🪩	5	mirror ball	aynalı küre	90‘lar|dans|disko|disko topu|eğlence|gece hayatı|gece kulübü|parlak|parti	
🪆	5	nesting dolls	matruşka	aktivite|babuşka|bebek|bebekler|etkinlik|iç içe|matruşka bebekleri|oyuncak|rus|Rusya	
♠️	5	spade suit	maça	iskambil|kart|pik	
♥️	5	heart suit	kupa	iskambil|kart|kör	
♦️	5	diamond suit	karo	baklava|iskambil|kart|kırmızı	
♣️	5	club suit	sinek	iskambil|kart|trefl	
♟️	5	chess pawn	piyon	harcanabilir|kullanılma|satranç	
🃏	5	joker	joker	iskambil kartı|kart	
🀄	5	mahjong red dragon	kızıl ejder mahjong taşı	Ejderha|Kızıl Ejder|mahjong|taş	
🎴	5	flower playing cards	çiçekli oyun kağıtları	çiçek|çiçekli kart|hanafuda|kağıt oyunu|kart|oyun	
🎭	5	performing arts	sahne sanatları	eğlence|performans|performans sanatı|sanat|tiyatro	
🖼️	5	framed picture	resimli çerçeve	çerçeve|müze|resim|sanat|yağlı boya	
🎨	5	artist palette	boya paleti	boya|palet|ressam|sanat|sanatçı|sanatçı paleti	
🧵	5	thread	iplik	dikiş|dikmek|iğne|ip|kırmızı ip|makara|terzi	
🪡	5	sewing needle	dikiş iğnesi	aktivite|dikiş|dikme|etkinlik|iğne|iplik|nakış|sökük|terzi	
🧶	5	yarn	iplik yumağı	ip|kedi|kroşe|örgü|örgü ipi|tığ|top|yumak|yün	
🪢	5	knot	denizci düğümü	aktivite|bağ|bağlama|bağlı|dolaşık|düğüm|halat|sicim	
👓	6	glasses	gözlük	giyim	
🕶️	6	sunglasses	güneş gözlüğü	göz|gözlük|kara|siyah gözlük	
🥽	6	goggles	koruyucu gözlük	dalgıç gözlüğü|dalış gözlüğü|dalmak|emniyet gözlüğü|göz koruması|gözlük|iş gözlüğü|kar gözlüğü|kayak|kayak gözlüğü|kaynak|kaynak gözlüğü|kaynakçı gözlüğü|koruma gözlüğü|yüzme|yüzücü gözlüğü	
🥼	6	lab coat	laboratuvar önlüğü	beyaz önlük|bilim insanı|deney|doktor|doktor önlüğü|dr|giysi|gömlek|hasta bakıcı|hastane|laboratuvar|önlük	
🦺	6	safety vest	güvenlik yeleği	acil durum|güvenlik|yelek	
👔	6	necktie	kravat	giyim|gömlek|iş adamı|takım kıyafet	
👕	6	t-shirt	tişört	alışveriş|giyim|gömlek	
👖	6	jeans	kot	blucin|blue jean|bluejean|giyim|kot pantalon|pantolon	
🧣	6	scarf	atkı	sıkı giyinmek|soğuk|yaka	
🧤	6	gloves	eldiven	el|mavi eldiven	
🧥	6	coat	kaban	ceket|manto|mont|sıkı giyinmek|soğuk	
🧦	6	socks	çorap		
👗	6	dress	elbise	alışveriş|giyim|Kokteyl elbisesi|şık|tek parça	
👘	6	kimono	kimono	elbise|giyim	
🥻	6	sari	sari	elbise|giysi	
🩱	6	one-piece swimsuit	tek parça mayo	mayo	
🩲	6	briefs	slip mayo	alt|iç çamaşırı|mayo|slip|tek parça	
🩳	6	shorts	şort	alt|iç çamaşırı|mayo	
👙	6	bikini	bikini	benekli bikini|deniz|deniz giysisi|giyim|havuz|kumsal|tatil|yaz	
👚	6	woman’s clothes	kadın giysisi	alışveriş|bluz|giyim|giysiler	
🪭	6	folding hand fan	yelpaze	çırpma|dans|flört|heyecan|nesne|şak|serinletme|sıcak|utangaç|yelleme	
👛	6	purse	cüzdan	bozuk para|bozuk para çantası|giyim	
👜	6	handbag	el çantası	çanta|giyim|kadın el çantası	
👝	6	clutch bag	para kesesi	çanta|giyim	
🛍️	6	shopping bags	alışveriş çantası	alışveriş|çanta|hediye|otel|paket	
🎒	6	backpack	okul çantası	kırmızı sırt çantası|okul|okul sırt çantası|sırt çantası	
🩴	6	thong sandal	parmak arası terlik	ayakkabı|deniz terliği|eşya|flip flop|kumsal|kumsal terliği|parmak arası|sahil|sandalet|terlik|zori	
👞	6	man’s shoe	erkek ayakkabısı	ayakkabı|giyim	
👟	6	running shoe	koşu ayakkabısı	ayakkabı|bez ayakkabı|giyim|spor	
🥾	6	hiking boot	yürüyüş botu	ayakkabı|bot|dağcılık|kamp|kar botu|kış|kışlık|sırt çantası|yürümek|yürüyüş	
🥿	6	flat shoe	düz ayakkabı	ayakkabı|babet|bale|bale ayakkabısı|dans|pabuç|patik|puant|rahat|terlik|topuksuz|yeşil ayakkabı|yürümek|yürüyüş	
👠	6	high-heeled shoe	yüksek topuklu ayakkabı	ayakkabı|giyim|kırmızı ayakkabı|topuklu ayakkabı	
👡	6	woman’s sandal	kadın sandaleti	ayakkabı|giyim|kadın|sandalet|topuklu ayakkabı	
🩰	6	ballet shoes	bale ayakkabıları	bale|bale pabucu|dans	
👢	6	woman’s boot	kadın botu	bot|çizme|giyim|kadın|kadın çizmesi	
🪮	6	hair pick	perma tarağı	Afro saç|kıvırcık saç|nesne|saç|seçme|tarak|tarama|toka	
👑	6	crown	taç	giyim|kral|kraliçe|kraliyet	
👒	6	woman’s hat	kadın şapkası	giyim|şapka	
🎩	6	top hat	silindir şapka	eğlence|şapka|sihirbaz	
🎓	6	graduation cap	mezuniyet kepi	kep|kutlama|mezuniyet	
🧢	6	billed cap	siperli şapka	beyzbol şapkası|şapka	
🪖	6	military helmet	asker kaskı	asker|askerlik|eşya|kafa|kask|miğfer|ordu|savaş|savaşçı	
⛑️	6	rescue worker’s helmet	yardım ekibi kaskı	beyaz haçlı kask|haç|kask|meslek|şapka|yardım|yüz	
📿	6	prayer beads	tespih	boncuk|din|dua|giyim|kolye|tesbih	
💄	6	lipstick	ruj	kırmızı ruj|kozmetik|makyaj	
💍	6	ring	yüzük	alyans|evlilik|nikah|nişan|pırlanta yüzük|romantizm|tek taş	
💎	6	gem stone	mücevher	elmas|mücevher taşı|pırlanta|romantizm	
🔇	6	muted speaker	ses kapalı	iptal işaretli hoparlör|lütfen sessiz olun|sessiz olun	
🔈	6	speaker low volume	kısık ses	hoparlör ses düzeyi|ses düzeyi	
🔉	6	speaker medium volume	ses açık	düşük|düşük ses|düşük sesli hoparlör	
🔊	6	speaker high volume	yüksek ses	yüksek|yüksek sesli hoparlör	
📢	6	loudspeaker	hoparlör	halka hitap|iletişim|megafon	
📣	6	megaphone	megafon	iletişim|karşılama	
📯	6	postal horn	posta klaksonu	borozan|klakson|posta	
🔔	6	bell	zil	çan|kilise|ses|tenefüs	
🔕	6	bell with slash	üzeri çizili zil	çan|çan yok|iptal işaretli çan|ses yok|sessiz	
🎼	6	musical score	sol anahtarı	müzik|müzik partisyonu|partisyon	
🎵	6	musical note	müzik notası	müzik|nota	
🎶	6	musical notes	müzik notaları	müzik|nota|notalar	
🎙️	6	studio microphone	stüdyo mikrofonu	mikrofon|müzik|stüdyo	
🎚️	6	level slider	ayarlama çubuğu	ayar çubuğu|kol|müzik	
🎛️	6	control knobs	kontrol düğmeleri	düğme|kontrol|müzik	
🎤	6	microphone	mikrofon	eğlence|Karaoke|müzik|şarkı|şarkıcı	
🎧	6	headphone	kulaklık	eğlence|müzik	
📻	6	radio	radyo	video	
🎷	6	saxophone	saksafon	alet|müzik|müzik aleti	
🎺	6	trumpet	trompet	alet|müzik|müzik aleti	
🪊	6	trombone	trombon	bakır|çalgı|caz|enstrüman|hüzünlü|müzik|sürgü|üzgün	
🪗	6	accordion	akordiyon	akordeon|armonika|çalmak|enstrüman|eşya|körük|müzik|müzik aleti|tuş	
🎸	6	guitar	gitar	alet|elektrik gitar|müzik|müzik aleti	
🎹	6	musical keyboard	müzik klavyesi	alet|klavye|müzik|müzik aleti|piyano	
🎻	6	violin	keman	alet|müzik|müzik aleti	
🪕	6	banjo	banjo	müzik|yaylı	
🥁	6	drum	davul	bateri|müzik|ramazan davulu|tokmak	
🪘	6	long drum	uzun davul	conga|davul|davul çalmak|enstrüman|eşya|müzik aleti|perküsyon|ritim|ritm|tempo|tumba|vurmak|vuruş	
🪇	6	maracas	marakas	alet|çaça|çıngırak|dans|enstrüman|müzik|müzik aleti|nesne|parti|perküsyon|sallama|sallamalı|vurmalı	
🪈	6	flute	flüt	ahşap üflemeli|bando|blokflüt|boru|enstrüman|fife|fifre|kaval|müzik|nefesli|orkestra|recorder|üflemeli	
🪉	6	harp	arp	aşk|enstrüman|eros|müzik|orkestra	
📱	6	mobile phone	cep telefonu	iPhone|mobil telefon|telefon	
📲	6	mobile phone with arrow	ok işaretli cep telefonu	çağrı yapmak|cep telefonu|mobil telefon|telefon	
☎️	6	telephone	telefon	kırmızı telefon	
📞	6	telephone receiver	ahize	alıcı|telefon	
📟	6	pager	çağrı cihazı	iletişim	
📠	6	fax machine	faks makinesi	iletişim	
🔋	6	battery	pil		
🪫	6	low battery	düşük pil	az şarj|batarya|düşük enerji|elektronik|güçsüz|nesne|pil|şarj	
🔌	6	electric plug	elektrik fişi	elektrik	
💻	6	laptop	dizüstü bilgisayar	bilgisayar|kişisel	
🖥️	6	desktop computer	masaüstü bilgisayar	bilgisayar|masaüstü	
🖨️	6	printer	yazıcı	bilgisayar	
⌨️	6	keyboard	klavye	bilgisayar	
🖱️	6	computer mouse	bilgisayar faresi	bilgisayar|düğme|fare	
🖲️	6	trackball	iz topu	bilgisayar	
💽	6	computer disk	mini disk	bilgisayar|disk	
💾	6	floppy disk	disket	floppy	
💿	6	optical disk	optik disk	CD|disk|DVD	
📀	6	dvd	dvd	blu-ray|CD|disk|müzik	
🧮	6	abacus	abaküs	çocuk|hesap|hesaplama|renkli abaküs	
🎥	6	movie camera	film kamerası	eğlence|film|sinema	
🎞️	6	film frames	film kareleri	film|film karesi|sinema	
📽️	6	film projector	film projektörü	film|projektör|sinema|video	
🎬	6	clapper board	film tahtası	eğlence|film|tahta	
📺	6	television	televizyon	tv|video	
📷	6	camera	fotoğraf makinesi	video	
📸	6	camera with flash	flaşlı fotoğraf makinesi	flaş|kamera|video	
📹	6	video camera	video kamera	kamera|video	
📼	6	videocassette	videokaset	teyp|video|video kaseti	
🔍	6	magnifying glass tilted left	sola dönük büyüteç	arama|büyüteç|cam|solu gösteren|solu gösteren büyüteç	
🔎	6	magnifying glass tilted right	sağa dönük büyüteç	arama|büyüteç|cam|sağı gösteren|sağı gösteren büyüteç	
🕯️	6	candle	mum	ışık	
💡	6	light bulb	ampul	bir fikrim var|çizgi roman|elektrik|ışık	
🔦	6	flashlight	el feneri	elektrik|ışık	
🏮	6	red paper lantern	kırmızı kağıt fener	bar|fener|izakaya|kırmızı|restoran	
🪔	6	diya lamp	diya lamba	diya|lamba|yağ	
📔	6	notebook with decorative cover	süslü not defteri	dekorasyonlu not defteri|kapak|not defteri	
📕	6	closed book	kapalı kitap	kitap|kırmızı kitap	
📖	6	open book	açık kitap	açık defter|defter|kitap|okul	
📗	6	green book	yeşil kitap	eğitim|kitap|kütüphane|okul	
📘	6	blue book	mavi kitap	kitap	
📙	6	orange book	turuncu kitap	kitap	
📚	6	books	kitaplar	kitap	
📓	6	notebook	not defteri	defter	
📒	6	ledger	resmi defter	not defteri	
📃	6	page with curl	kıvrık sayfa	kenarı kıvrılmış sayfa|sayfa	
📜	6	scroll	parşömen	bildiri|kağıt	
📄	6	page facing up	yüzü yukarıda sayfa	doküman|ön yüz|ön yüzü görünen sayfa|sayfa	
📰	6	newspaper	gazete	haber|kağıt|kâğıt	
🗞️	6	rolled-up newspaper	rulo gazete	gazete|haber|kağıt|rulo	
📑	6	bookmark tabs	sayfa ayraçları	ayraçlar|işaretçi|sayfa işareti	
🔖	6	bookmark	yer işareti	defter|işaret|kitap|not	
🏷️	6	label	etiket		
🪙	6	coin	bozuk para	altın|avro|dolar|gümüş|hazine|jeton|madeni para|metal|para|sikke|zengin	
💰	6	money bag	para torbası	çanta|dolar çantası|para|para çuvalı|zengin	
🪎	6	treasure chest	hazine sandığı	altın|değerli|ganimet|gümüş|mücevher|ödül|para|zenginlik	
💴	6	yen banknote	yen banknot	banknot|döviz|para|yen	
💵	6	dollar banknote	dolar banknot	banknot|dolar|döviz|fatura|para	
💶	6	euro banknote	euro banknot	avro|banknot|döviz|euro|fatura|para	
💷	6	pound banknote	sterlin banknot	banknot|döviz|para|sterlin	
💸	6	money with wings	kanatlı para	banka|banknot|para|uçan banknot	
💳	6	credit card	kredi kartı	kart|kredi	
🧾	6	receipt	makbuz	belge|defter tutma|dekont|ekstre|evrak|fatura|fiş|hesap|kanıt|maliye|muhasebe|senet	
💹	6	chart increasing with yen	yen simgeli artış grafiği	banka|grafik|para|piyasa|yen|yukarı giden grafik|yukarı yönlü	
✉️	6	envelope	zarf	e-mail|e-posta|mektup	
📧	6	e-mail	e-posta	ileti|iletişim|mektup|posta	
📨	6	incoming envelope	gelen zarf	alınan posta|e-posta|gelen|iletişim|mektup|posta|zarf	
📩	6	envelope with arrow	oklu zarf	e-posta|giden|gönderilen posta|iletişim|mektup|posta|zarf	
📤	6	outbox tray	giden kutusu	giden|iletişim|kutu|posta|tepsi	
📥	6	inbox tray	gelen kutusu	gelen|iletişim|kutu|posta|tepsi	
📦	6	package	paket	kutu|posta	
📫	6	closed mailbox with raised flag	işareti yukarıda kapalı posta kutusu	işaret|işareti kaldırılmış posta kutusu|kapalı|posta	
📪	6	closed mailbox with lowered flag	işareti aşağıda kapalı posta kutusu	işaret|işareti indirilmiş posta kutusu|kapalı|posta	
📬	6	open mailbox with raised flag	işareti yukarıda açık posta kutusu	açık|işaret|işareti kaldırılmış açık posta kutusu|posta	
📭	6	open mailbox with lowered flag	işareti aşağıda açık posta kutusu	açık|işaret|işareti indirilmiş açık posta kutusu|posta	
📮	6	postbox	posta kutusu	posta	
🗳️	6	ballot box with ballot	oy sandığı	kutu|sandık|seçim	
✏️	6	pencil	kurşun kalem		
✒️	6	black nib	siyah uç	dolma kalem|kalem	
🖋️	6	fountain pen	dolma kalem	kalem|mürekkepli kalem	
🖊️	6	pen	kalem	tükenmez kalem	
🖌️	6	paintbrush	boya fırçası	boyama|fırça	
🖍️	6	crayon	pastel boya	boya|mum|pastel	
📝	6	memo	not	ders|iletişim|kalem|kalem kağıt|not defteri	
🪌	6	eraser			
💼	6	briefcase	evrak çantası	müfettiş|ofis	
📁	6	file folder	dosya klasörü	dosya|klasör	
📂	6	open file folder	açık dosya klasörü	açık|dosya|klasör	
🗂️	6	card index dividers	dosya ayırıcı	ayırıcı|dizin|dosya|kart	
📅	6	calendar	takvim	tarih	
📆	6	tear-off calendar	koparmalı takvim	takvim|takvim sayfası|tarih	
🗒️	6	spiral notepad	spiral not defteri	defter|not|spiral	
🗓️	6	spiral calendar	spiral takvim	defter|spiral|takvim	
📇	6	card index	kart dizini	dizin|rolodeks	
📈	6	chart increasing	artış grafiği	grafik|yukarı yönlü|yükselen grafik	
📉	6	chart decreasing	iniş grafiği	alçalan grafik|aşağı yönlü|grafik	
📊	6	bar chart	çubuk grafiği	grafik	
📋	6	clipboard	pano	duyuru	
📌	6	pushpin	raptiye	iğne	
📍	6	round pushpin	yuvarlak raptiye	iğne|raptiye	
📎	6	paperclip	ataş	klips	
🖇️	6	linked paperclips	iç içe geçmiş ataşlar	ataş|bağlantı	
📏	6	straight ruler	düz cetvel	cetvel	
📐	6	triangular ruler	gönye	cetvel|üçgen	
✂️	6	scissors	makas	alet	
🗃️	6	card file box	dosya kutusu	dosya|kart|kart kutusu|kutu	
🗄️	6	file cabinet	dosya dolabı	dolap|dosya	
🗑️	6	wastebasket	çöp sepeti		
🔒	6	locked	kilit	kapalı kilit	
🔓	6	unlocked	açık kilit	açık|kilidini açma|kilit	
🔏	6	locked with pen	kilit ve kalem	gizlilik|mürekkepli kalem|mürekkepli kalemli kilit	
🔐	6	locked with key	anahtarlı kapalı kilit	anahtarlı kilit|güvenli	
🔑	6	key	anahtar	kilit|parola|şifre	
🗝️	6	old key	eski anahtar	anahtar|eski|ipucu|kilit	
🪍	6	net with handle			
🔨	6	hammer	çekiç	araç	
🪓	6	axe	balta	ağaç|kesme|kısa balta|odun|yarma	
⛏️	6	pick	kazma	alet|maden	
⚒️	6	hammer and pick	çekiç ve kazma	alet|çekiç|inşaat|kazma	
🛠️	6	hammer and wrench	çekiç ve somun anahtarı	alet|çekiç|çekiç ve ingiliz anahtarı|ingiliz anahtarı	
🗡️	6	dagger	hançer	bıçak|silah	
⚔️	6	crossed swords	çapraz kılıçlar	çapraz|çarpı|çatma|kılıç|silah	
💣	6	bomb	bomba	çizgi roman|duygu	
🪃	6	boomerang	bumerang	aborjin|atmak|boomerang|eşya|fırlatmak|geri gelmek|geri tepme|oyun|sekme|silah|tepki	
🏹	6	bow and arrow	ok ve yay	araç|burç|ok|okçu|silah|yay	
🛡️	6	shield	kalkan	silah	
🪚	6	carpentry saw	testere	alet|eşya|kereste|kesmek|marangoz|odun	
🔧	6	wrench	somun anahtarı	araç|ingiliz anahtarı	
🪛	6	screwdriver	tornavida	alet|düz uçlu|eşya|montaj|sıkıştırmak|sıkma|tamir|tamirci|usta|vida	
🔩	6	nut and bolt	somun ve vida	araç|somun|vida	
⚙️	6	gear	dişli	alet	
🗜️	6	clamp	mengene	alet|sıkıştırma	
⚖️	6	balance scale	terazi	adalet|ağırlık|alet|burç|denge|ölçek	
🦯	6	white cane	görme engelli bastonu	erişilebilirlik|görme engelli	
🔗	6	link	bağlantı işareti	bağlantılar|iki halka	
⛓️‍💥	6	broken chain	zincirleri kırmak	kelepçe|kırık zincir|kırmak|özgürlük|patlama|zincir|zincirler	
⛓️	6	chains	zincir		
🪝	6	hook	çengel	askı|asmak|çengellemek|eğri|eşya|kanca	
🧰	6	toolbox	alet çantası	alet|alet kutusu|çanta|ingiliz anahtarı|kırmızı|kutu|onarmak|sandık|tamir|tamirat|tamirci	
🧲	6	magnet	mıknatıs	at nalı|çekim|çekmek|elektrik yükü|eş kutuplar|manyetik|pozitif negatif|zıt kutuplar	
🪜	6	ladder	merdiven	adım|aşağı|ayaklı merdiven|basamak|çıkmak|eşya|tırmanış|tırmanmak|yukarı	
🪏	6	shovel	kürek	çukur|kazı|kazmak	
⚗️	6	alembic	imbik	alet|damıtıcı|kimya	
🧪	6	test tube	deney tüpü	bilim|deney|kimya|kimyacı|laboratuvar	
🧫	6	petri dish	petri kabı	bakteri|biyolog|biyoloji|kültür|laboratuvar	
🧬	6	dna	dna	biyolog|biyoloji|evrim|gen|genetik|sarmal|yaşam	
🔬	6	microscope	mikroskop	alet|bilim|labrotuar|test	
🔭	6	telescope	teleskop	alet|uzay|uzay gözlemleme	
📡	6	satellite antenna	uydu anteni	anten|çanak|iletişim|uydu	
💉	6	syringe	şırınga	doktor|iğne|ilaç	
🩸	6	drop of blood	kan damlası	âdet|aybaşı|ilaç|kan bağışı|mens|menstrüasyon|regl|tıp|yaralanma	
💊	6	pill	hap	doktor|ilaç	
🩹	6	adhesive bandage	yara bandı	bandaj|bant|yapışkanlı bandaj	
🩼	6	crutch	koltuk değneği	araç|baston|değnek|engelli|engellilik|kırık|nesne|sakatlanmak|yaralı|yürüme engelli|yürüme yardımı	
🩺	6	stethoscope	stetoskop	doktor|kalp|tıp	
🩻	6	x-ray	x ışını	doktor|film|iskelet|kaburga|kemik|medikal|muayene|nesne|röntgen|tıbbi	
🚪	6	door	kapı		
🛗	6	elevator	asansör	alt kat|aşağı|çağırmak|çıkmak|erişilebilirlik|eşya|inmek|lift|üst kat|yukarı	
🪞	6	mirror	ayna	eşya|görüntü|makyaj|reflektör|spekulum|yansıma|yansıtıcı	
🪟	6	window	pencere	cam|çerçeve|dışarı bakmak|eşya|izlemek|manzara|saydam|şeffaf|temiz hava	
🛏️	6	bed	yatak	otel|uyku|uyuma	
🛋️	6	couch and lamp	kanepe ve lamba	kanepe|koltuk|lamba|otel	
🪑	6	chair	sandalye	iskemle|oturma	
🚽	6	toilet	klozet	alafranga tuvalet|tuvalet|wc|WC	
🪠	6	plunger	lavabo pompası	açıcı|çekme|eşya|lavabo açıcı|pompa|tuvalet|vakum	
🚿	6	shower	duş	su	
🛁	6	bathtub	banyo küveti	banyo|köpük|köpüklü banyo	
🪤	6	mouse trap	fare kapanı	eşya|fare|kapan|kıskaç|kıstırmak|peynir|tuzak|yem	
🪒	6	razor	ustura	jilet|keskin|tıraş	
🧴	6	lotion bottle	losyon şişesi	güneş koruyucu|güneş kremi|krem|losyon|nemlendirici|saç kremi|şampuan|şampuan şişesi|şişe	
🧷	6	safety pin	çengelli iğne	bebek bezi|çengel|çengelli|dikiş|iğne|iğne kancası|iğnelemek|kanca|punk rock|tutturmak	
🧹	6	broom	süpürge	büyücü|cadı|ev işi|harry potter|süpürme|süpürmek|temizlik|uçmak	
🧺	6	basket	sepet	çamaşır|çamaşır sepeti|çiftçilik|hasır|piknik|piknik sepeti	
🧻	6	roll of paper	kağıt rulosu	banyo|emici|havlu|kağıt|rulo|silmek|temizlik|tuvalet|tuvalet kağıdı	
🪣	6	bucket	kova	bakraç|eşya|fıçı|gerdel|kap|kepçe|sap|silmek|temizlik	
🧼	6	soap	sabun	banyo|banyo yapmak|el sabunu|el yıkamak|kalıp|katı sabun|köpük|köpürmek|köpürtmek|sabun köpüğü|sabunlamak|sabunluk|temiz|temizlik|yıkamak|yıkanmak	
🫧	6	bubbles	baloncuk	hava kabarcığı|kabarcık|köpük|nesne|sabun|su|su altı|temiz	
🪥	6	toothbrush	diş fırçası	ağız|banyo|dental|diş|eşya|fırça|hijyen|lavabo|oral hijyen|temizlik	
🧽	6	sponge	sünger	banyo|banyo yapmak|bulaşık|emici|emmek|ev işi|gözenek|gözenekli|keselemek|köpürmek|köpürtmek|silmek|temizlik|yıkamak|yıkanmak	
🧯	6	fire extinguisher	yangın söndürücü	ateş|söndürme|söndürmek|yangın|yangın tüpü	
🛒	6	shopping cart	alışveriş arabası	alışveriş|araba|pazar arabası	
🚬	6	cigarette	sigara	duman|işaret|sigara içilebilir|sigara içme|sigara içme işareti	
⚰️	6	coffin	tabut	cenaze|ölüm	
🪦	6	headstone	mezar taşı	cenaze|defin|defnetmek|eşya|huzur içinde uyu|huzur içinde yat|mezar|mezarlık|nur içinde yat|ölüm	
⚱️	6	funeral urn	kül kavanozu	cenaze|kül|ölüm|vazo	
🧿	6	nazar amulet	nazarlık	boncuk|göz|iyi şans|kem göz|kötü şans|maşallah|mavi boncuk|muska|nazar|nazar boncuğu|nazar değmesin|tılsım	
🪬	6	hamsa	Fatıma’nın Eli	Fatıma|Fatıma’nın eli|Fatma|Fatma Ana’nın Eli|Fatma’nın eli|Hamsa|koruyucu|Meryem|muska|nazarlık|şans|sembol	
🗿	6	moai	moyai heykeli	heykel|Moyai|taştan surat	
🪧	6	placard	tabela	bildiri|döviz|eşya|gösteri|işaret|levha|pankart|plaka|protesto	
🪪	6	identification card	kimlik kartı	belge|ehliyet|güvenlik|kart|kimlik|kimlik bilgisi|lisans|nesne|nüfus cüzdanı	
🏧	7	ATM sign	ATM işareti	otomatik|vezne	
🚮	7	litter in bin sign	çöp kutusu işareti	çöp kutusu|çöpü yerine atın|işaret	
🚰	7	potable water	içilebilir su	içme suyu|işaret|musluk|musluk ve bardak|su	
♿	7	wheelchair symbol	tekerlekli sandalye sembolü	erişim|işaret|tekerlekli sandalye|tekerlekli sandalye erişimi|tekerlekli sandalye simgesi	
🚹	7	men’s room	erkekler tuvaleti	Erkekler tuvaleti|işaret|tuvalet	
🚺	7	women’s room	kadınlar tuvaleti	bayanlar tuvaleti|işaret|Kadınlar tuvaleti|tuvalet	
🚻	7	restroom	tuvalet	lavabo|wc	
🚼	7	baby symbol	bebek işareti	bebek|bebek alt değiştirme yeri|bebek teknede	
🚾	7	water closet	wc	lavabo|tuvalet|WC	
🛂	7	passport control	pasaport kontrolü	kontrol|pasaport	
🛃	7	customs	gümrük		
🛄	7	baggage claim	bagaj teslim	bagaj|bagaj alma yeri|bavul|çanta|seyahat	
🛅	7	left luggage	eşya emanet	bagaj|bagaj hizmeti|kasa|kayıp bagaj	
⚠️	7	warning	uyarı işareti	dikkat|işaret|uyarı	
🚸	7	children crossing	karşıya geçen çocuklar	çocuklar|işaret|karşıya geçiş	
⛔	7	no entry	girilmez	Girilmez|girilmez işareti|hayır|işaret|yasak	
🚫	7	prohibited	girmek yasak	Girilmez|işaret	
🚳	7	no bicycles	bisiklet yasak	bisiklet|bisiklet giremez|taşıt	
🚭	7	no smoking	sigara içilmez	duman|sigara içilmez işareti|tütün|yasak	
🚯	7	no littering	çöp atılmaz	çöp atmayın|çöp atmayın işareti|işaret	
🚱	7	non-potable water	içilmeyen su	içilmeyen|içilmez|su	
🚷	7	no pedestrians	yayalara yasak	işaret|yaya|yayalar giremez|yürüyen	
📵	7	no mobile phones	cep telefonu yasak	çağrı yapılmaz|mobil|telefon	
🔞	7	no one under eighteen	18 yaş altı yasak	18|18 yaş altı|18 yaş altı yasaktır|18‘den küçükler giremez	
☢️	7	radioactive	radyoaktif	nükleer	
☣️	7	biohazard	biyolojik tehlike	sembol	
⬆️	7	up arrow	yukarı ok	ana yön|kuzey|ok|yön|yukarı yönlü ok	
↗️	7	up-right arrow	sağ yukarı ok	ara yön|kuzey doğu|ok|yön	
➡️	7	right arrow	sağ ok	ana yön|doğu|ok|yön	
↘️	7	down-right arrow	sağ aşağı ok	ara yön|güney doğu|ok|yön	
⬇️	7	down arrow	aşağı ok	ana yön|aşağı|aşağı yönlü ok|güney|ok|yön	
↙️	7	down-left arrow	sol aşağı ok	ara yön|güney batı|ok|yön	
⬅️	7	left arrow	sol ok	ana yön|batı|ok|yön	
↖️	7	up-left arrow	sol yukarı ok	ara yön|kuzey batı|ok|yön	
↕️	7	up-down arrow	yukarı ve aşağı ok	ok	
↔️	7	left-right arrow	sol ve sağ ok	ok	
↩️	7	right arrow curving left	sola kıvrımlı sağ ok	ok	
↪️	7	left arrow curving right	sağa kıvrımlı sol ok	ok	
⤴️	7	right arrow curving up	yukarı kıvrımlı sağ ok	ok	
⤵️	7	right arrow curving down	aşağı kıvrımlı sağ ok	aşağı|ok	
🔃	7	clockwise vertical arrows	saat yönünde dönen oklar	oklar|saat yönünde dikey oklar|saat yönüne dönen oklar|yeniden yükle işareti	
🔄	7	counterclockwise arrows button	saat yönünün tersinde dönen oklar	oklar|saat yönünün tersine|saat yönünün tersine dönen oklar	
🔙	7	BACK arrow	geri oku	geri ok|ok|sol geri ok|sol ok	
🔚	7	END arrow	bitiş oku	ok|sol bitiş oku|sol ok	
🔛	7	ON! arrow	açık oku	ok|ünlem|ünlem işareti|ünlem işareti ve okla AÇIK	
🔜	7	SOON arrow	yakında işareti	ok|sağ okla Yakında|Yakında	
🔝	7	TOP arrow	yukarı oku	yukarı|Yukarı|yukarı işareti|yukarı ok|yukarı okla Yukarı	
🛐	7	place of worship	ibadethane	din|tapınma	
⚛️	7	atom symbol	atom sembolü	ateist|atom	
🕉️	7	om	om	din|hinduizm|Hinduizm	
✡️	7	star of David	Davut yıldızı	davut|Davut|davut yıldızı|din|yahudi|Yahudi|yıldız	
☸️	7	wheel of dharma	darma çemberi	budist|Budist|çember|darma|dharma|dharma tekeri|din	
☯️	7	yin yang	yin yang	din|tao|taocu|yang|yin	
✝️	7	latin cross	Latin haçı	din|haç|Hristiyan|isa|İsa|latin haçı	
☦️	7	orthodox cross	Ortodoks haçı	din|haç|Hristiyan|isa|İsa|ortodoks haçı	
☪️	7	star and crescent	ay yıldız	din|islam|İslam|müslüman|Müslüman	
☮️	7	peace symbol	barış sembolü	barış	
🕎	7	menorah	Yahudi şamdanı	din|menora|mum|mumluk|şamdan|yahudi şamdanı	
🔯	7	dotted six-pointed star	altı köşeli yıldız	altı köşeli|fal|fal bakma|yıldız	
🪯	7	khanda	khanda	deg tegh fateh|din|inanç|khalsa|sih|Sih|sihizm	
♈	7	Aries	koç burcu	burçlar	
♉	7	Taurus	boğa burcu	burçlar	
♊	7	Gemini	ikizler burcu	burçlar	
♋	7	Cancer	yengeç burcu	burçlar	
♌	7	Leo	aslan burcu	burçlar	
♍	7	Virgo	başak burcu	burçlar	
♎	7	Libra	terazi burcu	burçlar	
♏	7	Scorpio	akrep burcu	burçlar	
♐	7	Sagittarius	yay burcu	burçlar	
♑	7	Capricorn	oğlak burcu	burçlar	
♒	7	Aquarius	kova burcu	burçlar	
♓	7	Pisces	balık burcu	burçlar	
⛎	7	Ophiuchus	Yılancı	burçlar|hain|iblis|yılan|zodyak	
🔀	7	shuffle tracks button	parça karıştırma düğmesi	çapraz sağ oklar|oklar	
🔁	7	repeat button	tekrarlama düğmesi	oklar|saat yönünde	
🔂	7	repeat single button	tek parça tekrarlama düğmesi	1 sayısı|1 sayısı olan saat yönünde oklar|oklar|saat yönünde	
▶️	7	play button	oynatma düğmesi	ok|oynatma|sağ|üçgen	
⏩	7	fast-forward button	ileri sarma düğmesi	ok|sağ|sağa çift ok	
⏭️	7	next track button	sonraki parça düğmesi	ok|sonraki parça|sonraki sahne|üçgen	
⏯️	7	play or pause button	oynatma veya duraklatma düğmesi	duraklatma|ok|oynatma|sağ|üçgen	
◀️	7	reverse button	geri düğmesi	ok|sol|ters|üçgen	
⏪	7	fast reverse button	hızlı geri düğmesi	geri sarma düğmesi|ok|sol|sola çift ok	
⏮️	7	last track button	son parça düğmesi	ok|önceki parça|önceki sahne|parça atlama düğmesi|üçgen	
🔼	7	upwards button	yukarı düğmesi	düğme|üçgen|yukarı üçgen düğmesi	
⏫	7	fast up button	hızlı yukarı düğmesi	ok|yukarı|yukarı çift ok	
🔽	7	downwards button	aşağı düğmesi	aşağı üçgen düğmesi|düğme|üçgen	
⏬	7	fast down button	hızlı aşağı düğmesi	aşağı|aşağı çift ok|ok	
⏸️	7	pause button	duraklatma düğmesi	çift çizgi|çubuk|dikey|duraklatma	
⏹️	7	stop button	durdurma düğmesi	durdur|kare	
⏺️	7	record button	kayıt düğmesi	daire|kayıt	
⏏️	7	eject button	çıkarma düğmesi	çıkar	
🎦	7	cinema	sinema	eğlence|film işareti	
🔅	7	dim button	düşük parlaklık	düşük|düşük parlaklık işareti|karanlık|parlaklık	
🔆	7	bright button	yüksek parlaklık	parlak|parlaklık|yüksek parlaklık işareti	
📶	7	antenna bars	sinyal gücü	anten|çubuk işaretli anten|mobil|sinyal|telefon	
🛜	7	wireless	kablosuz	ağ|akıllı telefon|bağlantı|bilgisayar|geniş bant|internet|modem|wifi|wlan	
📳	7	vibration mode	titreşim modu	cep telefonu|mobil|mod|telefon	
📴	7	mobile phone off	cep telefonu kapalı	cep telefonu|kapalı|mobil|telefon	
♀️	7	female sign	kadın sembolü	bayan|kadın	
♂️	7	male sign	erkek sembolü	adam|erkek	
⚧️	7	transgender symbol	transgender sembolü	transgender|transseksüel	
✖️	7	multiply	çarpım işareti	×|çarpı|çarpım|çarpma|iptal|işaret|kalın çarpı işareti|x	
➕	7	plus	artı	+|artı işareti|işaret|koyu renk artı işareti|matematik	
➖	7	minus	eksi	-|−|eksi işareti|işaret|koyu renk eksi işareti|matematik	
➗	7	divide	bölü işareti	÷|bölü|işaret|koyu renk bölü işareti|matematik	
🟰	7	heavy equals sign	kalın eşittir işareti	eşit|eşitlik|eşittir|eşittir işareti|işaret|matematik|sembol	
♾️	7	infinity	sonsuz	evrensel|sınırsız|sonsuzluk	
‼️	7	double exclamation mark	çift ünlem	!|!!|işaret|noktalama|ünlem	
⁉️	7	exclamation question mark	ünlemli soru işareti	!|!?|?|işaret|noktalama|soru|ünlem	
❓	7	red question mark	kırmızı soru işareti	?|işaret|noktalama|soru|soru işareti	
❔	7	white question mark	beyaz soru işareti	?|işaret|noktalama|soru	
❕	7	white exclamation mark	beyaz ünlem işareti	!|işaret|noktalama|ünlem	
❗	7	red exclamation mark	kırmızı ünlem işareti	!|işaret|noktalama|ünlem|ünlem işareti	
〰️	7	wavy dash	dalgalı çizgi	çizgi|dalgalı|uzun ses işareti	
💱	7	currency exchange	kambiyo	bozdurma|döviz|para	
💲	7	heavy dollar sign	dolar işareti	dolar|koyu renk dolar işareti|para	
⚕️	7	medical symbol	tıp sembolü	Asklepios|medikal sembol|medikal sembolü|personel|tıbbi sembol|tıp|tıp çalışanı	
♻️	7	recycling symbol	geri dönüşüm simgesi	evrensel|geri dönüşüm|işaret|koyu renk evrensel geri dönüşüm simgesi	
⚜️	7	fleur-de-lis	zambak	fleur-de-lis	
🔱	7	trident emblem	üçlü çatal işareti	amblem|çıpa|üçlü çatal	
📛	7	name badge	ad rozeti	ad|rozet	
🔰	7	Japanese symbol for beginner	Japonca yeni başlayan sembolü	Japonca|yeni başlayan|yeşil ve sarı|yeşil ve sarı yaprak	
⭕	7	hollow red circle	kalın kırmızı çember	çember|kalın çember|o	
✅	7	check mark button	onay işareti düğmesi	✓|düğme|işaret|kalın onay işareti|onay|onay işareti	
☑️	7	check box with check	seçilmiş onay kutusu	✓|kutu|kutulu|kutulu onay işareti|onay|seçili onay işareti	
✔️	7	check mark	onay işareti	✓|işaret|kalın onay işareti|onay	
❌	7	cross mark	çarpı işareti	×|çarpı|çarpma|iptal|işaret|x	
❎	7	cross mark button	çarpı işareti düğmesi	×|çarpım|çarpma|kare|x|X kare içinde	
➰	7	curly loop	kıvrık döngü	döngü|dönüş	
➿	7	double curly loop	çift kıvrık döngü	Japonya|kıvrık döngü|ücretsiz numara	
〽️	7	part alternation mark	parça değiştirme işareti	bölüm değiştirme işareti|işaret|parça	
✳️	7	eight-spoked asterisk	sekiz uçlu yıldız	*|asterisk|yıldız	
✴️	7	eight-pointed star	sekiz noktalı yıldız	*|yıldız	
❇️	7	sparkle	parlama	*|pırıltı	
©️	7	copyright	telif hakkı işareti	c|telif hakkı|Telif hakkı	
®️	7	registered	tescil işareti	r|tescilli|Tescilli|tescilli işareti	
™️	7	trade mark	ticari marka işareti	işaret|ticari marka	
🫟	7	splatter	sıçratma	boya|dökmek|holi|leke|lekelemek|sıçratmak	
#️⃣	7	keycap: #	tuş: #	tuş	
*️⃣	7	keycap: *	tuş: *	tuş	
0️⃣	7	keycap: 0	tuş: 0	0|sıfır|tuş	
1️⃣	7	keycap: 1	tuş: 1	1|bir|tuş	
2️⃣	7	keycap: 2	tuş: 2	2|iki|tuş	
3️⃣	7	keycap: 3	tuş: 3	3|tuş|üç	
4️⃣	7	keycap: 4	tuş: 4	4|dört|tuş	
5️⃣	7	keycap: 5	tuş: 5	5|beş|tuş	
6️⃣	7	keycap: 6	tuş: 6	6|altı|tuş	
7️⃣	7	keycap: 7	tuş: 7	7|tuş|yedi	
8️⃣	7	keycap: 8	tuş: 8	8|sekiz|tuş	
9️⃣	7	keycap: 9	tuş: 9	9|dokuz|tuş	
🔟	7	keycap: 10	tuş: 10	tuş	
🔠	7	input latin uppercase	büyük harfler	ABCD|büyük harf|Latin|Latin büyük harfleri|Latin büyük harfleriyle giriş	
🔡	7	input latin lowercase	küçük harfler	abcd|alfabe|küçük harf|Latin|Latin küçük harfleri|Latin küçük harfleriyle giriş	
🔢	7	input numbers	sayılar	1234|sayı girişi	
🔣	7	input symbols	işaretler	işaret girişi	
🔤	7	input latin letters	Latin alfabesi	ABC|İngilizce|Latin|latin alfabesi|Latin alfabesiyle giriş|Latin Alfabesiyle giriş	
🅰️	7	A button (blood type)	A düğmesi (kan grubu)	A|A grubu kan|kan|kan grubu|kan grubu A|kırmızı kutuda A harfi	
🆎	7	AB button (blood type)	AB düğmesi (kan grubu)	AB|AB grubu kan|kan|kan grubu|kan grubu AB	
🅱️	7	B button (blood type)	B grubu (kan grubu)	B|B grubu kan|B tuşu|kan|kan grubu|kan grubu B|kırmızı kutuda B harfi	
🆑	7	CL button	CL düğmesi	CL|CL işareti|sil	
🆒	7	COOL button	COOL düğmesi	harika|hoş|serin|serin işareti	
🆓	7	FREE button	FREE düğmesi	bedava|bedelsiz|işaret|ücretsiz|ücretsiz işareti	
ℹ️	7	information	bilgi	i harfi	
🆔	7	ID button	ID düğmesi	işaret|kimlik|kimlik işareti	
Ⓜ️	7	circled M	daire içinde M harfi	daire|daire içinde m harfi|m	
🆕	7	NEW button	NEW düğmesi	işaret|yeni|Yeni işareti	
🆖	7	NG button	NG düğmesi	işaret|ng|NG işareti	
🅾️	7	O button (blood type)	0 düğmesi (kan grubu)	kan|kan grubu|kan grubu O|O|O grubu kan	
🆗	7	OK button	OK düğmesi	OK işareti|tamam|tamam işareti	
🅿️	7	P button	P düğmesi	p düğmesi|park yeri	
🆘	7	SOS button	SOS düğmesi	işaret|SOS|SOS işareti|Yardım	
🆙	7	UP! button	UP! düğmesi	işaret|YUKARI!|YUKARI! işareti	
🆚	7	VS button	VS düğmesi	işaret|karşılaştırma|karşılaştırma işareti|vs	
🈁	7	Japanese “here” button	Japonca "burada" düğmesi	burada|japonca|Japonca|japonca "burada" düğmesi|japonca burada işareti	
🈂️	7	Japanese “service charge” button	Japonca "servis ücreti" düğmesi	japonca|Japonca|japonca "servis ücreti" düğmesi|japonca "servis ücreti" simgesi|servis ücreti	
🈷️	7	Japanese “monthly amount” button	Japonca "aylık ücret" düğmesi	aylık|japonca|Japonca|japonca "aylık" düğmesi|japonca "aylık" sembolü	
🈶	7	Japanese “not free of charge” button	Japonca "ücretsiz değil" düğmesi	bedava değil|japonca|Japonca|japonca "bedava değil" düğmesi|japonca "bedava değil" simgesi	
🈯	7	Japanese “reserved” button	Japonca "rezerve" düğmesi	japonca|Japonca|japonca rezerve sembolü|rezerve|rezerve düğmesi	
🉐	7	Japanese “bargain” button	Japonca "avantaj" düğmesi	indirim|japonca|Japonca|japonca "indirim" düğmesi|japonca "indirim" simgesi	
🈹	7	Japanese “discount” button	Japonca "indirim" düğmesi	indirim|japonca|Japonca|japonca "indirim" düğmesi|japonca "indirim" sembolü	
🈚	7	Japanese “free of charge” button	Japonca "ücretsiz" düğmesi	bedava işareti|japonca|Japonca|japonca bedava düğmesi	
🈲	7	Japanese “prohibited” button	Japonca "yasak" düğmesi	japon "yasak" düğmesi|japon "yasak" sembolü|Japonca	
🉑	7	Japanese “acceptable” button	Japonca "kabul edilebilir" düğmesi	japonca|Japonca|japonca "kabul edilebilir" düğmesi|japonca "kabul edilebilir" işareti|kabul edilebilir	
🈸	7	Japanese “application” button	Japonca "uygulama" düğmesi	başvuru|japonca|Japonca|japonca "başvuru" düğmesi|japonca "başvuru" simgesi	
🈴	7	Japanese “passing grade” button	Japonca "geçer not" düğmesi	geçer not|Japonca	
🈳	7	Japanese “vacancy” button	Japonca "yer var" düğmesi	çince|Japonca	
㊗️	7	Japanese “congratulations” button	Japonca "tebrikler" düğmesi	japonca|Japonca|japonca "tebrikler" düğmesi|kutlama|sembol|tebrik|tebrik sembolü	
㊙️	7	Japanese “secret” button	Japonca "sır" düğmesi	japonca|Japonca|japonca "sır" düğmesi|japonca "sır" simgesi|sembol|sır	
🈺	7	Japanese “open for business” button	Japonca "hizmete hazır" düğmesi	işletme açık|japinca "işletme açık" düğmesi|japonca|Japonca|japonca "işletme açık" sembolü	
🈵	7	Japanese “no vacancy” button	Japonca "yer yok" düğmesi	Japonca|yer yok	
🔴	7	red circle	kırmızı daire	büyük kırmızı çember|çember|kırmızı	
🟠	7	orange circle	turuncu daire	daire|turuncu	
🟡	7	yellow circle	sarı daire	daire|sarı	
🟢	7	green circle	yeşil daire	daire|yeşil	
🔵	7	blue circle	mavi daire	büyük mavi çember|çember|mavi	
🟣	7	purple circle	mor daire	daire|mor	
🟤	7	brown circle	kahverengi daire	daire|kahverengi	
⚫	7	black circle	siyah daire	daire|geometri	
⚪	7	white circle	beyaz daire	daire|geometri	
🟥	7	red square	kırmızı kare	kare|kırmızı	
🟧	7	orange square	turuncu kare	kare|turuncu	
🟨	7	yellow square	sarı kare	kare|sarı	
🟩	7	green square	yeşil kare	kare|yeşil	
🟦	7	blue square	mavi kare	kare|mavi	
🟪	7	purple square	mor kare	kare|mor	
🟫	7	brown square	kahverengi kare	kahverengi|kare	
⬛	7	black large square	büyük siyah kare	geometri|kare|siyah kare	
⬜	7	white large square	büyük beyaz kare	geometri|kare	
◼️	7	black medium square	orta boy siyah kare	geometri|kare|siyah	
◻️	7	white medium square	orta boy beyaz kare	geometri|gri|kare	
◾	7	black medium-small square	küçük-orta siyah kare	geometri|kare	
◽	7	white medium-small square	küçük-orta beyaz kare	geometri|gri|kare	
▪️	7	black small square	küçük siyah kare	geometri|kare	
▫️	7	white small square	küçük beyaz kare	geometri|kare	
🔶	7	large orange diamond	büyük turuncu karo	karo|turuncu	
🔷	7	large blue diamond	büyük mavi karo	karo|mavi	
🔸	7	small orange diamond	küçük turuncu karo	karo|turuncu	
🔹	7	small blue diamond	küçük mavi karo	karo|mavi	
🔺	7	red triangle pointed up	yukarı bakan kırmızı üçgen	kırmızı|üçgen|yukarı kırmızı üçgen	
🔻	7	red triangle pointed down	aşağı bakan kırmızı üçgen	aşağı kırmızı üçgen|kırmızı|üçgen	
💠	7	diamond with a dot	içinde noktalı karo	baklava|çizgi roman|elmas|elmas biçimli|geometrik|içinde noktalı baklava şekli|içinde noktalı elmas biçimi|karo	
🔘	7	radio button	radyo düğmesi	düğme|radyo	
🔳	7	white square button	beyaz kare düğme	düğme|kare	
🔲	7	black square button	siyah kare düğme	düğme|kare	
🏁	8	chequered flag	damalı bayrak	bayrak|bitiş|damalı|ralli|spor|yarış	
🚩	8	triangular flag	üçgen bayrak	bayrak|işaret|kırmızı bayrak|konum|konum bilgisi işareti|konum işareti|üçgen işaret|üçgen konum işareti	
🎌	8	crossed flags	çapraz bayraklar	bayraklar|çapraz|çapraz Japon bayrakları|japon|kutlama	
🏴	8	black flag	siyah bayrak	bayrak|dalgalanan siyah bayrak	
🏳️	8	white flag	beyaz bayrak	bayrak|dalgalanan bayrak	
🏳️‍🌈	8	rainbow flag	gökkuşağı bayrağı	bayrak|biseksüel|gay|gökkuşağı|homoseksüel|lezbiyen|lgbt|trans	
🏳️‍⚧️	8	transgender flag	transgender bayrağı	açık mavi|bayrak|beyaz|pembe|transgender	
🏴‍☠️	8	pirate flag	korsan bayrağı	hazine|Jolly Roger|korsan|yağmacı	
🇦🇨	8	flag: Ascension Island	bayrak: Ascension Adası	bayrak	
🇦🇩	8	flag: Andorra	bayrak: Andorra	bayrak	
🇦🇪	8	flag: United Arab Emirates	bayrak: Birleşik Arap Emirlikleri	bayrak	
🇦🇫	8	flag: Afghanistan	bayrak: Afganistan	bayrak	
🇦🇬	8	flag: Antigua & Barbuda	bayrak: Antigua ve Barbuda	bayrak	
🇦🇮	8	flag: Anguilla	bayrak: Anguilla	bayrak	
🇦🇱	8	flag: Albania	bayrak: Arnavutluk	bayrak	
🇦🇲	8	flag: Armenia	bayrak: Ermenistan	bayrak	
🇦🇴	8	flag: Angola	bayrak: Angola	bayrak	
🇦🇶	8	flag: Antarctica	bayrak: Antarktika	bayrak	
🇦🇷	8	flag: Argentina	bayrak: Arjantin	bayrak	
🇦🇸	8	flag: American Samoa	bayrak: Amerikan Samoası	bayrak	
🇦🇹	8	flag: Austria	bayrak: Avusturya	bayrak	
🇦🇺	8	flag: Australia	bayrak: Avustralya	bayrak	
🇦🇼	8	flag: Aruba	bayrak: Aruba	bayrak	
🇦🇽	8	flag: Åland Islands	bayrak: Åland Adaları	bayrak	
🇦🇿	8	flag: Azerbaijan	bayrak: Azerbaycan	bayrak	
🇧🇦	8	flag: Bosnia & Herzegovina	bayrak: Bosna-Hersek	bayrak	
🇧🇧	8	flag: Barbados	bayrak: Barbados	bayrak	
🇧🇩	8	flag: Bangladesh	bayrak: Bangladeş	bayrak	
🇧🇪	8	flag: Belgium	bayrak: Belçika	bayrak	
🇧🇫	8	flag: Burkina Faso	bayrak: Burkina Faso	bayrak	
🇧🇬	8	flag: Bulgaria	bayrak: Bulgaristan	bayrak	
🇧🇭	8	flag: Bahrain	bayrak: Bahreyn	bayrak	
🇧🇮	8	flag: Burundi	bayrak: Burundi	bayrak	
🇧🇯	8	flag: Benin	bayrak: Benin	bayrak	
🇧🇱	8	flag: St. Barthélemy	bayrak: Saint Barthelemy	bayrak	
🇧🇲	8	flag: Bermuda	bayrak: Bermuda	bayrak	
🇧🇳	8	flag: Brunei	bayrak: Brunei	bayrak	
🇧🇴	8	flag: Bolivia	bayrak: Bolivya	bayrak	
🇧🇶	8	flag: Caribbean Netherlands	bayrak: Karayip Hollandası	bayrak	
🇧🇷	8	flag: Brazil	bayrak: Brezilya	bayrak	
🇧🇸	8	flag: Bahamas	bayrak: Bahamalar	bayrak	
🇧🇹	8	flag: Bhutan	bayrak: Butan	bayrak	
🇧🇻	8	flag: Bouvet Island	bayrak: Bouvet Adası	bayrak	
🇧🇼	8	flag: Botswana	bayrak: Botsvana	bayrak	
🇧🇾	8	flag: Belarus	bayrak: Belarus	bayrak	
🇧🇿	8	flag: Belize	bayrak: Belize	bayrak	
🇨🇦	8	flag: Canada	bayrak: Kanada	bayrak	
🇨🇨	8	flag: Cocos (Keeling) Islands	bayrak: Cocos (Keeling) Adaları	bayrak	
🇨🇩	8	flag: Congo - Kinshasa	bayrak: Kongo - Kinşasa	bayrak	
🇨🇫	8	flag: Central African Republic	bayrak: Orta Afrika Cumhuriyeti	bayrak	
🇨🇬	8	flag: Congo - Brazzaville	bayrak: Kongo - Brazavil	bayrak	
🇨🇭	8	flag: Switzerland	bayrak: İsviçre	bayrak	
🇨🇮	8	flag: Côte d’Ivoire	bayrak: Côte d’Ivoire	bayrak	
🇨🇰	8	flag: Cook Islands	bayrak: Cook Adaları	bayrak	
🇨🇱	8	flag: Chile	bayrak: Şili	bayrak	
🇨🇲	8	flag: Cameroon	bayrak: Kamerun	bayrak	
🇨🇳	8	flag: China	bayrak: Çin	bayrak	
🇨🇴	8	flag: Colombia	bayrak: Kolombiya	bayrak	
🇨🇵	8	flag: Clipperton Island	bayrak: Clipperton Adası	bayrak	
🇨🇶	8	flag: Sark	bayrak: Sark	bayrak	
🇨🇷	8	flag: Costa Rica	bayrak: Kosta Rika	bayrak	
🇨🇺	8	flag: Cuba	bayrak: Küba	bayrak	
🇨🇻	8	flag: Cape Verde	bayrak: Cabo Verde	bayrak	
🇨🇼	8	flag: Curaçao	bayrak: Curaçao	bayrak	
🇨🇽	8	flag: Christmas Island	bayrak: Christmas Adası	bayrak	
🇨🇾	8	flag: Cyprus	bayrak: Kıbrıs	bayrak	
🇨🇿	8	flag: Czechia	bayrak: Çekya	bayrak	
🇩🇪	8	flag: Germany	bayrak: Almanya	bayrak	
🇩🇬	8	flag: Diego Garcia	bayrak: Diego Garcia	bayrak	
🇩🇯	8	flag: Djibouti	bayrak: Cibuti	bayrak	
🇩🇰	8	flag: Denmark	bayrak: Danimarka	bayrak	
🇩🇲	8	flag: Dominica	bayrak: Dominika	bayrak	
🇩🇴	8	flag: Dominican Republic	bayrak: Dominik Cumhuriyeti	bayrak	
🇩🇿	8	flag: Algeria	bayrak: Cezayir	bayrak	
🇪🇦	8	flag: Ceuta & Melilla	bayrak: Ceuta ve Melilla	bayrak	
🇪🇨	8	flag: Ecuador	bayrak: Ekvador	bayrak	
🇪🇪	8	flag: Estonia	bayrak: Estonya	bayrak	
🇪🇬	8	flag: Egypt	bayrak: Mısır	bayrak	
🇪🇭	8	flag: Western Sahara	bayrak: Batı Sahra	bayrak	
🇪🇷	8	flag: Eritrea	bayrak: Eritre	bayrak	
🇪🇸	8	flag: Spain	bayrak: İspanya	bayrak	
🇪🇹	8	flag: Ethiopia	bayrak: Etiyopya	bayrak	
🇪🇺	8	flag: European Union	bayrak: Avrupa Birliği	bayrak	
🇫🇮	8	flag: Finland	bayrak: Finlandiya	bayrak	
🇫🇯	8	flag: Fiji	bayrak: Fiji	bayrak	
🇫🇰	8	flag: Falkland Islands	bayrak: Falkland Adaları	bayrak	
🇫🇲	8	flag: Micronesia	bayrak: Mikronezya	bayrak	
🇫🇴	8	flag: Faroe Islands	bayrak: Faroe Adaları	bayrak	
🇫🇷	8	flag: France	bayrak: Fransa	bayrak	
🇬🇦	8	flag: Gabon	bayrak: Gabon	bayrak	
🇬🇧	8	flag: United Kingdom	bayrak: Birleşik Krallık	bayrak	
🇬🇩	8	flag: Grenada	bayrak: Grenada	bayrak	
🇬🇪	8	flag: Georgia	bayrak: Gürcistan	bayrak	
🇬🇫	8	flag: French Guiana	bayrak: Fransız Guyanası	bayrak	
🇬🇬	8	flag: Guernsey	bayrak: Guernsey	bayrak	
🇬🇭	8	flag: Ghana	bayrak: Gana	bayrak	
🇬🇮	8	flag: Gibraltar	bayrak: Cebelitarık	bayrak	
🇬🇱	8	flag: Greenland	bayrak: Grönland	bayrak	
🇬🇲	8	flag: Gambia	bayrak: Gambiya	bayrak	
🇬🇳	8	flag: Guinea	bayrak: Gine	bayrak	
🇬🇵	8	flag: Guadeloupe	bayrak: Guadeloupe	bayrak	
🇬🇶	8	flag: Equatorial Guinea	bayrak: Ekvator Ginesi	bayrak	
🇬🇷	8	flag: Greece	bayrak: Yunanistan	bayrak	
🇬🇸	8	flag: South Georgia & South Sandwich Islands	bayrak: Güney Georgia ve Güney Sandwich Adaları	bayrak	
🇬🇹	8	flag: Guatemala	bayrak: Guatemala	bayrak	
🇬🇺	8	flag: Guam	bayrak: Guam	bayrak	
🇬🇼	8	flag: Guinea-Bissau	bayrak: Gine-Bissau	bayrak	
🇬🇾	8	flag: Guyana	bayrak: Guyana	bayrak	
🇭🇰	8	flag: Hong Kong SAR China	bayrak: Çin Hong Kong ÖİB	bayrak	
🇭🇲	8	flag: Heard Island & McDonald Islands	bayrak: Heard Adası ve McDonald Adaları	bayrak	
🇭🇳	8	flag: Honduras	bayrak: Honduras	bayrak	
🇭🇷	8	flag: Croatia	bayrak: Hırvatistan	bayrak	
🇭🇹	8	flag: Haiti	bayrak: Haiti	bayrak	
🇭🇺	8	flag: Hungary	bayrak: Macaristan	bayrak	
🇮🇨	8	flag: Canary Islands	bayrak: Kanarya Adaları	bayrak	
🇮🇩	8	flag: Indonesia	bayrak: Endonezya	bayrak	
🇮🇪	8	flag: Ireland	bayrak: İrlanda	bayrak	
🇮🇱	8	flag: Israel	bayrak: İsrail	bayrak	
🇮🇲	8	flag: Isle of Man	bayrak: Man Adası	bayrak	
🇮🇳	8	flag: India	bayrak: Hindistan	bayrak	
🇮🇴	8	flag: British Indian Ocean Territory	bayrak: Britanya Hint Okyanusu Toprakları	bayrak	
🇮🇶	8	flag: Iraq	bayrak: Irak	bayrak	
🇮🇷	8	flag: Iran	bayrak: İran	bayrak	
🇮🇸	8	flag: Iceland	bayrak: İzlanda	bayrak	
🇮🇹	8	flag: Italy	bayrak: İtalya	bayrak	
🇯🇪	8	flag: Jersey	bayrak: Jersey	bayrak	
🇯🇲	8	flag: Jamaica	bayrak: Jamaika	bayrak	
🇯🇴	8	flag: Jordan	bayrak: Ürdün	bayrak	
🇯🇵	8	flag: Japan	bayrak: Japonya	bayrak	
🇰🇪	8	flag: Kenya	bayrak: Kenya	bayrak	
🇰🇬	8	flag: Kyrgyzstan	bayrak: Kırgızistan	bayrak	
🇰🇭	8	flag: Cambodia	bayrak: Kamboçya	bayrak	
🇰🇮	8	flag: Kiribati	bayrak: Kiribati	bayrak	
🇰🇲	8	flag: Comoros	bayrak: Komorlar	bayrak	
🇰🇳	8	flag: St. Kitts & Nevis	bayrak: Saint Kitts ve Nevis	bayrak	
🇰🇵	8	flag: North Korea	bayrak: Kuzey Kore	bayrak	
🇰🇷	8	flag: South Korea	bayrak: Güney Kore	bayrak	
🇰🇼	8	flag: Kuwait	bayrak: Kuveyt	bayrak	
🇰🇾	8	flag: Cayman Islands	bayrak: Cayman Adaları	bayrak	
🇰🇿	8	flag: Kazakhstan	bayrak: Kazakistan	bayrak	
🇱🇦	8	flag: Laos	bayrak: Laos	bayrak	
🇱🇧	8	flag: Lebanon	bayrak: Lübnan	bayrak	
🇱🇨	8	flag: St. Lucia	bayrak: Saint Lucia	bayrak	
🇱🇮	8	flag: Liechtenstein	bayrak: Liechtenstein	bayrak	
🇱🇰	8	flag: Sri Lanka	bayrak: Sri Lanka	bayrak	
🇱🇷	8	flag: Liberia	bayrak: Liberya	bayrak	
🇱🇸	8	flag: Lesotho	bayrak: Lesotho	bayrak	
🇱🇹	8	flag: Lithuania	bayrak: Litvanya	bayrak	
🇱🇺	8	flag: Luxembourg	bayrak: Lüksemburg	bayrak	
🇱🇻	8	flag: Latvia	bayrak: Letonya	bayrak	
🇱🇾	8	flag: Libya	bayrak: Libya	bayrak	
🇲🇦	8	flag: Morocco	bayrak: Fas	bayrak	
🇲🇨	8	flag: Monaco	bayrak: Monako	bayrak	
🇲🇩	8	flag: Moldova	bayrak: Moldova	bayrak	
🇲🇪	8	flag: Montenegro	bayrak: Karadağ	bayrak	
🇲🇫	8	flag: St. Martin	bayrak: Saint Martin	bayrak	
🇲🇬	8	flag: Madagascar	bayrak: Madagaskar	bayrak	
🇲🇭	8	flag: Marshall Islands	bayrak: Marshall Adaları	bayrak	
🇲🇰	8	flag: North Macedonia	bayrak: Kuzey Makedonya	bayrak	
🇲🇱	8	flag: Mali	bayrak: Mali	bayrak	
🇲🇲	8	flag: Myanmar (Burma)	bayrak: Myanmar (Burma)	bayrak	
🇲🇳	8	flag: Mongolia	bayrak: Moğolistan	bayrak	
🇲🇴	8	flag: Macao SAR China	bayrak: Çin Makao ÖİB	bayrak	
🇲🇵	8	flag: Northern Mariana Islands	bayrak: Kuzey Mariana Adaları	bayrak	
🇲🇶	8	flag: Martinique	bayrak: Martinik	bayrak	
🇲🇷	8	flag: Mauritania	bayrak: Moritanya	bayrak	
🇲🇸	8	flag: Montserrat	bayrak: Montserrat	bayrak	
🇲🇹	8	flag: Malta	bayrak: Malta	bayrak	
🇲🇺	8	flag: Mauritius	bayrak: Mauritius	bayrak	
🇲🇻	8	flag: Maldives	bayrak: Maldivler	bayrak	
🇲🇼	8	flag: Malawi	bayrak: Malavi	bayrak	
🇲🇽	8	flag: Mexico	bayrak: Meksika	bayrak	
🇲🇾	8	flag: Malaysia	bayrak: Malezya	bayrak	
🇲🇿	8	flag: Mozambique	bayrak: Mozambik	bayrak	
🇳🇦	8	flag: Namibia	bayrak: Namibya	bayrak	
🇳🇨	8	flag: New Caledonia	bayrak: Yeni Kaledonya	bayrak	
🇳🇪	8	flag: Niger	bayrak: Nijer	bayrak	
🇳🇫	8	flag: Norfolk Island	bayrak: Norfolk Adası	bayrak	
🇳🇬	8	flag: Nigeria	bayrak: Nijerya	bayrak	
🇳🇮	8	flag: Nicaragua	bayrak: Nikaragua	bayrak	
🇳🇱	8	flag: Netherlands	bayrak: Hollanda	bayrak	
🇳🇴	8	flag: Norway	bayrak: Norveç	bayrak	
🇳🇵	8	flag: Nepal	bayrak: Nepal	bayrak	
🇳🇷	8	flag: Nauru	bayrak: Nauru	bayrak	
🇳🇺	8	flag: Niue	bayrak: Niue	bayrak	
🇳🇿	8	flag: New Zealand	bayrak: Yeni Zelanda	bayrak	
🇴🇲	8	flag: Oman	bayrak: Umman	bayrak	
🇵🇦	8	flag: Panama	bayrak: Panama	bayrak	
🇵🇪	8	flag: Peru	bayrak: Peru	bayrak	
🇵🇫	8	flag: French Polynesia	bayrak: Fransız Polinezyası	bayrak	
🇵🇬	8	flag: Papua New Guinea	bayrak: Papua Yeni Gine	bayrak	
🇵🇭	8	flag: Philippines	bayrak: Filipinler	bayrak	
🇵🇰	8	flag: Pakistan	bayrak: Pakistan	bayrak	
🇵🇱	8	flag: Poland	bayrak: Polonya	bayrak	
🇵🇲	8	flag: St. Pierre & Miquelon	bayrak: Saint Pierre ve Miquelon	bayrak	
🇵🇳	8	flag: Pitcairn Islands	bayrak: Pitcairn Adaları	bayrak	
🇵🇷	8	flag: Puerto Rico	bayrak: Porto Riko	bayrak	
🇵🇸	8	flag: Palestinian Territories	bayrak: Filistin Bölgeleri	bayrak	
🇵🇹	8	flag: Portugal	bayrak: Portekiz	bayrak	
🇵🇼	8	flag: Palau	bayrak: Palau	bayrak	
🇵🇾	8	flag: Paraguay	bayrak: Paraguay	bayrak	
🇶🇦	8	flag: Qatar	bayrak: Katar	bayrak	
🇷🇪	8	flag: Réunion	bayrak: Reunion	bayrak	
🇷🇴	8	flag: Romania	bayrak: Romanya	bayrak	
🇷🇸	8	flag: Serbia	bayrak: Sırbistan	bayrak	
🇷🇺	8	flag: Russia	bayrak: Rusya	bayrak	
🇷🇼	8	flag: Rwanda	bayrak: Ruanda	bayrak	
🇸🇦	8	flag: Saudi Arabia	bayrak: Suudi Arabistan	bayrak	
🇸🇧	8	flag: Solomon Islands	bayrak: Solomon Adaları	bayrak	
🇸🇨	8	flag: Seychelles	bayrak: Seyşeller	bayrak	
🇸🇩	8	flag: Sudan	bayrak: Sudan	bayrak	
🇸🇪	8	flag: Sweden	bayrak: İsveç	bayrak	
🇸🇬	8	flag: Singapore	bayrak: Singapur	bayrak	
🇸🇭	8	flag: St. Helena, Ascension & Tristan da Cunha	bayrak: Saint Helena	bayrak	
🇸🇮	8	flag: Slovenia	bayrak: Slovenya	bayrak	
🇸🇯	8	flag: Svalbard & Jan Mayen	bayrak: Svalbard ve Jan Mayen	bayrak	
🇸🇰	8	flag: Slovakia	bayrak: Slovakya	bayrak	
🇸🇱	8	flag: Sierra Leone	bayrak: Sierra Leone	bayrak	
🇸🇲	8	flag: San Marino	bayrak: San Marino	bayrak	
🇸🇳	8	flag: Senegal	bayrak: Senegal	bayrak	
🇸🇴	8	flag: Somalia	bayrak: Somali	bayrak	
🇸🇷	8	flag: Suriname	bayrak: Surinam	bayrak	
🇸🇸	8	flag: South Sudan	bayrak: Güney Sudan	bayrak	
🇸🇹	8	flag: São Tomé & Príncipe	bayrak: Sao Tome ve Principe	bayrak	
🇸🇻	8	flag: El Salvador	bayrak: El Salvador	bayrak	
🇸🇽	8	flag: Sint Maarten	bayrak: Sint Maarten	bayrak	
🇸🇾	8	flag: Syria	bayrak: Suriye	bayrak	
🇸🇿	8	flag: Eswatini	bayrak: Esvatini	bayrak	
🇹🇦	8	flag: Tristan da Cunha	bayrak: Tristan da Cunha	bayrak	
🇹🇨	8	flag: Turks & Caicos Islands	bayrak: Turks ve Caicos Adaları	bayrak	
🇹🇩	8	flag: Chad	bayrak: Çad	bayrak	
🇹🇫	8	flag: French Southern and Antarctic Lands	bayrak: Fransız Güney Toprakları	bayrak	
🇹🇬	8	flag: Togo	bayrak: Togo	bayrak	
🇹🇭	8	flag: Thailand	bayrak: Tayland	bayrak	
🇹🇯	8	flag: Tajikistan	bayrak: Tacikistan	bayrak	
🇹🇰	8	flag: Tokelau	bayrak: Tokelau	bayrak	
🇹🇱	8	flag: Timor-Leste	bayrak: Timor-Leste	bayrak	
🇹🇲	8	flag: Turkmenistan	bayrak: Türkmenistan	bayrak	
🇹🇳	8	flag: Tunisia	bayrak: Tunus	bayrak	
🇹🇴	8	flag: Tonga	bayrak: Tonga	bayrak	
🇹🇷	8	flag: Türkiye	bayrak: Türkiye	bayrak	
🇹🇹	8	flag: Trinidad & Tobago	bayrak: Trinidad ve Tobago	bayrak	
🇹🇻	8	flag: Tuvalu	bayrak: Tuvalu	bayrak	
🇹🇼	8	flag: Taiwan	bayrak: Tayvan	bayrak	
🇹🇿	8	flag: Tanzania	bayrak: Tanzanya	bayrak	
🇺🇦	8	flag: Ukraine	bayrak: Ukrayna	bayrak	
🇺🇬	8	flag: Uganda	bayrak: Uganda	bayrak	
🇺🇲	8	flag: U.S. Outlying Islands	bayrak: ABD Küçük Harici Adaları	bayrak	
🇺🇳	8	flag: United Nations	bayrak: Birleşmiş Milletler	bayrak	
🇺🇸	8	flag: United States	bayrak: Amerika Birleşik Devletleri	bayrak	
🇺🇾	8	flag: Uruguay	bayrak: Uruguay	bayrak	
🇺🇿	8	flag: Uzbekistan	bayrak: Özbekistan	bayrak	
🇻🇦	8	flag: Vatican City	bayrak: Vatikan	bayrak	
🇻🇨	8	flag: St. Vincent & Grenadines	bayrak: Saint Vincent ve Grenadinler	bayrak	
🇻🇪	8	flag: Venezuela	bayrak: Venezuela	bayrak	
🇻🇬	8	flag: British Virgin Islands	bayrak: Britanya Virjin Adaları	bayrak	
🇻🇮	8	flag: U.S. Virgin Islands	bayrak: ABD Virjin Adaları	bayrak	
🇻🇳	8	flag: Vietnam	bayrak: Vietnam	bayrak	
🇻🇺	8	flag: Vanuatu	bayrak: Vanuatu	bayrak	
🇼🇫	8	flag: Wallis & Futuna	bayrak: Wallis ve Futuna	bayrak	
🇼🇸	8	flag: Samoa	bayrak: Samoa	bayrak	
🇽🇰	8	flag: Kosovo	bayrak: Kosova	bayrak	
🇾🇪	8	flag: Yemen	bayrak: Yemen	bayrak	
🇾🇹	8	flag: Mayotte	bayrak: Mayotte	bayrak	
🇿🇦	8	flag: South Africa	bayrak: Güney Afrika	bayrak	
🇿🇲	8	flag: Zambia	bayrak: Zambiya	bayrak	
🇿🇼	8	flag: Zimbabwe	bayrak: Zimbabve	bayrak	
🏴󠁧󠁢󠁥󠁮󠁧󠁿	8	flag: England	bayrak: İngiltere	bayrak	
🏴󠁧󠁢󠁳󠁣󠁴󠁿	8	flag: Scotland	bayrak: İskoçya	bayrak	
🏴󠁧󠁢󠁷󠁬󠁳󠁿	8	flag: Wales	bayrak: Galler	bayrak	
